Unnamed: 0,open,close,high,low,volume,money
2010-05-28,3.8,3.99,4.04,3.74,700302951.0,2723697152.0
2010-05-31,4.18,4.14,4.27,4.07,353821487.0,1471291648.0
2010-06-01,4.19,4.25,4.28,4.1,225805835.0,945440192.0
2010-06-02,4.11,4.19,4.21,4.0,195031763.0,800740032.0
2010-06-03,4.19,3.97,4.23,3.94,155276005.0,635491840.0
2010-06-04,3.9,3.95,4.04,3.9,104491318.0,412869120.0
2010-06-07,3.82,3.95,4.02,3.82,96051007.0,377475872.0
2010-06-08,3.92,3.86,4.01,3.77,113251505.0,437974176.0
2010-06-09,3.85,3.95,4.01,3.82,92334354.0,362423040.0
2010-06-10,3.92,4.07,4.1,3.91,74330708.0,299970080.0
2010-06-11,4.09,4.1,4.13,4.02,77736768.0,317148128.0
2010-06-17,4.1,3.9,4.13,3.86,67804370.0,269617216.0
2010-06-18,3.84,3.88,3.94,3.82,39512550.0,152940864.0
2010-06-21,3.85,3.85,3.87,3.6,48581953.0,182506384.0
2010-06-22,3.8,3.77,3.86,3.74,24455227.0,93032928.0
2010-06-23,3.72,3.81,3.82,3.7,26498752.0,100205368.0
2010-06-24,3.79,3.83,3.84,3.78,24195835.0,92352744.0
2010-06-28,3.82,3.65,3.82,3.64,46035397.0,170509632.0
2010-06-29,3.65,3.39,3.65,3.37,39582461.0,138013168.0
2010-06-30,3.35,3.37,3.43,3.21,26212641.0,86760720.0
2010-07-01,3.36,3.33,3.4,3.31,14474832.0,48559084.0
2010-07-02,3.32,3.25,3.34,3.1,36132347.0,115177320.0
2010-07-05,3.16,3.31,3.31,3.13,21407612.0,69480920.0
2010-07-06,3.26,3.34,3.38,3.23,20757243.0,68965576.0
2010-07-07,3.37,3.38,3.38,3.27,17597352.0,58507844.0
2010-07-08,3.41,3.39,3.43,3.33,19137458.0,64832448.0
2010-07-09,3.39,3.48,3.53,3.36,17990914.0,62462360.0
2010-07-12,3.5,3.47,3.5,3.41,26268845.0,90510936.0
2010-07-13,3.43,3.35,3.43,3.33,12255155.0,41324836.0
2010-07-14,3.38,3.37,3.4,3.32,17051807.0,57294780.0
2010-07-15,3.36,3.3,3.4,3.3,10232443.0,34141488.0
2010-07-16,3.29,3.21,3.29,3.18,24394058.0,78296800.0
2010-07-19,3.19,3.25,3.26,3.17,15144857.0,48763236.0
2010-07-20,3.24,3.39,3.4,3.24,21928306.0,73404688.0
2010-07-21,3.39,3.43,3.49,3.37,26518398.0,91299888.0
2010-07-22,3.41,3.44,3.45,3.37,12706720.0,43477272.0
2010-07-23,3.46,3.42,3.51,3.4,17460298.0,60157896.0
2010-07-26,3.44,3.47,3.48,3.41,31305934.0,107870600.0
2010-07-27,3.46,3.42,3.49,3.42,18508069.0,63868020.0
2010-07-28,3.39,3.49,3.5,3.38,27511083.0,94893856.0
2010-07-29,3.5,3.53,3.57,3.49,28399589.0,100273536.0
2010-07-30,3.53,3.51,3.53,3.46,18644797.0,65169612.0
2010-08-02,3.51,3.64,3.65,3.5,30906172.0,111261384.0
2010-08-03,3.64,3.69,3.74,3.62,31263982.0,115667544.0
2010-08-04,3.68,3.79,3.79,3.65,25138882.0,93296688.0
2010-08-05,3.79,3.76,3.81,3.74,16579704.0,62380568.0
2010-08-06,3.74,3.9,3.93,3.74,28146773.0,108745424.0
2010-08-09,3.89,3.95,4.01,3.87,17831609.0,70593488.0
2010-08-10,3.94,3.81,3.97,3.78,19610989.0,75454400.0
2010-08-11,3.77,3.82,3.89,3.73,12186138.0,46418604.0
2010-08-12,3.8,3.72,3.83,3.7,12469037.0,46917756.0
2010-08-13,3.73,3.8,3.8,3.72,13175947.0,49614632.0
2010-08-16,3.82,3.83,3.84,3.77,17486506.0,66640872.0
2010-08-17,3.84,3.89,4.02,3.84,22585819.0,89068592.0
2010-08-18,3.89,3.79,3.91,3.79,18655056.0,71483952.0
2010-08-19,3.77,3.79,3.85,3.77,13069648.0,49742596.0
2010-08-20,3.78,3.73,3.81,3.71,14695474.0,55012488.0
2010-08-23,3.72,3.7,3.75,3.63,20798139.0,76538032.0
2010-08-24,3.71,3.75,3.78,3.67,12087284.0,45349564.0
2010-08-25,3.73,3.72,3.84,3.68,17085561.0,64743244.0
2010-08-26,3.72,3.81,3.86,3.72,15535930.0,59091564.0
2010-08-27,3.8,3.81,3.89,3.76,21978682.0,84221240.0
2010-08-30,3.81,3.94,3.96,3.77,63800487.0,246728176.0
2010-08-31,3.91,3.91,3.95,3.84,33119802.0,129319176.0
2010-09-01,3.92,3.53,3.94,3.52,97684978.0,356998752.0
2010-09-02,3.62,3.56,3.68,3.54,75582193.0,273093664.0
2010-09-03,3.56,3.62,3.67,3.56,27885881.0,101075392.0
2010-09-06,3.64,3.58,3.65,3.48,47849050.0,169572608.0
2010-09-07,3.56,3.55,3.58,3.51,27792758.0,98390448.0
2010-09-08,3.55,3.6,3.6,3.52,27170956.0,96854896.0
2010-09-09,3.59,3.52,3.61,3.5,36642238.0,129653480.0
2010-09-10,3.51,3.45,3.55,3.42,32599200.0,112849112.0
2010-09-13,3.46,3.58,3.59,3.45,43082296.0,152856400.0
2010-09-14,3.6,3.66,3.69,3.57,34894939.0,126869848.0
2010-09-15,3.68,3.49,3.68,3.48,28515168.0,101541848.0
2010-09-16,3.5,3.42,3.55,3.4,34719869.0,119822864.0
2010-09-17,3.44,3.42,3.48,3.36,26725183.0,91428016.0
2010-09-20,3.42,3.44,3.47,3.41,25288969.0,86880688.0
2010-09-21,3.45,3.45,3.47,3.38,16916915.0,57750300.0
2010-09-27,3.47,3.53,3.56,3.45,18375543.0,64607092.0
2010-09-28,3.52,3.55,3.58,3.47,26763077.0,94519072.0
2010-09-29,3.55,3.48,3.57,3.47,17507655.0,61640056.0
2010-09-30,3.5,3.54,3.58,3.48,22153487.0,78226600.0
2010-10-08,3.58,3.6,3.62,3.53,34217071.0,122686320.0
2010-10-11,3.58,3.51,3.67,3.47,47372379.0,168350672.0
2010-10-12,3.51,3.53,3.54,3.46,27216967.0,95151720.0
2010-10-13,3.51,3.6,3.61,3.49,23843169.0,84515552.0
2010-10-14,3.59,3.43,3.59,3.43,23933336.0,83448976.0
2010-10-15,3.43,3.43,3.46,3.33,37799040.0,127742256.0
2010-10-18,3.42,3.33,3.43,3.25,39581010.0,129605888.0
2010-10-19,3.33,3.46,3.48,3.32,31251602.0,107140312.0
2010-10-20,3.38,3.46,3.52,3.38,21585018.0,75181208.0
2010-10-21,3.46,3.47,3.56,3.45,37116074.0,130549000.0
2010-10-22,3.49,3.47,3.53,3.44,28924944.0,101060488.0
2010-10-25,3.49,3.58,3.6,3.48,54507886.0,194008192.0
2010-10-26,3.58,3.63,3.65,3.56,35805391.0,129380768.0
2010-10-27,3.65,3.56,3.68,3.53,29695384.0,107363264.0
2010-10-28,3.55,3.92,3.92,3.55,96245949.0,371393280.0
2010-10-29,3.98,4.1,4.27,3.95,102828304.0,423549696.0
2010-11-01,4.09,4.18,4.23,4.07,58529692.0,243750912.0
2010-11-02,4.18,4.12,4.18,4.03,34884701.0,142695568.0
2010-11-03,4.08,4.2,4.22,3.97,42122652.0,174411072.0
2010-11-04,4.2,4.41,4.45,4.14,56891650.0,246779168.0
2010-11-05,4.36,4.37,4.45,4.29,44009187.0,192071152.0
2010-11-08,4.41,4.47,4.5,4.3,44988512.0,197837280.0
2010-11-09,4.41,4.43,4.53,4.39,24938257.0,110968712.0
2010-11-10,4.46,4.57,4.76,4.43,26901946.0,124403440.0
2010-11-11,4.55,4.8,4.95,4.49,33530148.0,160838832.0
2010-11-12,4.81,4.61,5.1,4.61,48406995.0,232877360.0
2010-11-15,4.71,4.86,4.89,4.62,26994396.0,128935328.0
2010-11-16,4.94,4.84,5.15,4.66,31766167.0,155641264.0
2010-11-17,4.77,4.54,4.93,4.51,25689710.0,120827016.0
2010-11-18,4.61,4.56,4.61,4.49,21460364.0,97753912.0
2010-11-19,4.66,4.91,4.93,4.58,33413734.0,158232144.0
2010-11-23,5.15,4.96,5.25,4.93,93235427.0,473755328.0
2010-11-24,4.85,4.92,4.98,4.79,54815013.0,268479616.0
2010-11-25,4.92,4.77,5.07,4.66,48718202.0,235993136.0
2010-11-26,4.68,4.74,4.78,4.66,19638277.0,92660248.0
2010-11-29,4.71,4.73,4.78,4.64,31606760.0,148234208.0
2010-11-30,4.72,4.8,4.95,4.57,45237086.0,215713952.0
2010-12-01,4.88,4.75,4.88,4.67,20553562.0,97560000.0
2010-12-02,4.79,4.75,4.81,4.72,14237770.0,67655776.0
2010-12-03,4.75,4.58,4.78,4.57,25373200.0,117541248.0
2010-12-06,4.61,4.41,4.63,4.3,25256419.0,111774544.0
2010-12-07,4.39,4.55,4.6,4.38,28131926.0,126351032.0
2010-12-08,4.58,4.54,4.63,4.53,17509389.0,80087040.0
2010-12-09,4.55,4.4,4.56,4.39,13941187.0,62246704.0
2010-12-10,4.41,4.48,4.51,4.37,27346067.0,121331976.0
2010-12-14,4.61,4.85,4.93,4.61,70914396.0,342619328.0
2010-12-15,4.81,4.84,4.93,4.81,25074434.0,121913928.0
2010-12-16,4.83,4.9,5.05,4.83,20548892.0,101177720.0
2010-12-17,4.85,4.89,5.0,4.83,12032544.0,58849144.0
2010-12-20,4.87,4.83,5.0,4.71,23985832.0,116095800.0
2010-12-21,4.87,4.95,5.01,4.85,23729753.0,116874512.0
2010-12-22,4.93,4.84,4.98,4.76,15103312.0,73034040.0
2010-12-23,4.77,4.72,4.84,4.72,12864923.0,61164832.0
2010-12-24,4.71,4.55,4.71,4.51,15020957.0,68799456.0
2010-12-27,4.55,4.41,4.71,4.33,21247583.0,95456728.0
2010-12-28,4.41,4.31,4.46,4.3,21751135.0,94788584.0
2010-12-29,4.36,4.45,4.48,4.32,20658923.0,91457376.0
2010-12-30,4.46,4.52,4.55,4.42,16276961.0,72946704.0
2010-12-31,4.51,4.62,4.68,4.51,20067897.0,93105296.0
2011-01-04,4.64,4.65,4.65,4.56,16642602.0,76788688.0
2011-01-05,4.66,4.5,4.66,4.49,22208003.0,101043008.0
2011-01-06,4.5,4.45,4.57,4.43,16093937.0,72139376.0
2011-01-07,4.42,4.45,4.5,4.42,10945920.0,48714348.0
2011-01-10,4.45,4.33,4.49,4.31,10525070.0,46081572.0
2011-01-11,4.31,4.35,4.41,4.29,8123154.0,35201136.0
2011-01-12,4.35,4.36,4.43,4.32,6474118.0,28363724.0
2011-01-13,4.42,4.46,4.53,4.38,12600747.0,56161324.0
2011-01-14,4.46,4.37,4.48,4.36,6487090.0,28591164.0
2011-01-17,4.36,4.16,4.44,4.12,12883687.0,55022160.0
2011-01-18,4.16,4.04,4.22,3.92,19347057.0,78538272.0
2011-01-19,4.02,4.17,4.19,3.97,14226594.0,58065528.0
2011-01-20,4.17,4.11,4.21,4.03,11366383.0,46862972.0
2011-01-21,4.07,4.11,4.13,4.05,18601172.0,76423912.0
2011-01-24,3.98,3.92,4.1,3.92,7974250.0,31564612.0
2011-01-25,3.87,3.87,3.92,3.83,9559449.0,36936644.0
2011-01-26,3.82,3.92,3.94,3.82,7124269.0,27888060.0
2011-01-27,3.89,3.95,3.99,3.87,6789629.0,26745594.0
2011-01-28,3.97,3.95,4.01,3.87,5970628.0,23396484.0
2011-01-31,3.97,3.97,4.0,3.91,3978039.0,15808302.0
2011-02-01,4.0,3.92,4.01,3.91,7727247.0,30375742.0
2011-02-09,3.92,3.91,3.94,3.89,4062066.0,15908256.0
2011-02-10,3.89,4.05,4.05,3.89,10214495.0,40425064.0
2011-02-11,4.05,4.05,4.08,4.0,12760440.0,51481564.0
2011-02-14,4.05,4.17,4.2,4.03,14794553.0,61342844.0
2011-02-15,4.2,4.12,4.2,4.11,14752478.0,61089812.0
2011-02-16,4.11,4.1,4.13,4.02,18752911.0,76206664.0
2011-02-17,4.11,4.09,4.14,4.06,16532572.0,67728736.0
2011-02-18,4.09,4.0,4.09,3.97,16087431.0,64797892.0
2011-02-21,4.06,4.26,4.26,4.05,33290915.0,138657120.0
2011-02-22,4.26,4.11,4.28,4.07,29234356.0,121667728.0
2011-02-23,4.11,4.08,4.14,4.06,19535813.0,79823496.0
2011-02-24,4.08,4.23,4.25,4.08,50827307.0,213070336.0
2011-02-25,4.25,4.31,4.41,4.25,56696348.0,246632960.0
2011-02-28,4.32,4.23,4.37,4.2,26566795.0,112867688.0
2011-03-01,4.23,4.3,4.34,4.22,21422082.0,91783480.0
2011-03-02,4.27,4.24,4.3,4.19,12091097.0,51074280.0
2011-03-03,4.22,4.18,4.26,4.12,24107223.0,100523536.0
2011-03-04,4.13,4.14,4.26,4.12,13522865.0,56085232.0
2011-03-07,4.17,4.19,4.21,4.12,22037399.0,91585448.0
2011-03-08,4.19,4.31,4.31,4.12,25099867.0,106171232.0
2011-03-09,4.3,4.25,4.33,4.24,18202165.0,77717616.0
2011-03-10,4.25,4.27,4.28,4.21,11792903.0,50060368.0
2011-03-11,4.25,4.22,4.3,4.19,22059017.0,93811096.0
2011-03-14,4.2,4.29,4.3,4.2,20616542.0,87924592.0
2011-03-15,4.29,4.36,4.38,4.25,32828215.0,141306400.0
2011-03-16,4.38,4.49,4.56,4.33,29483052.0,131168760.0
2011-03-17,4.46,4.43,4.6,4.4,36331785.0,163992048.0
2011-03-18,4.44,4.36,4.49,4.34,19107212.0,83530608.0
2011-03-21,4.34,4.34,4.43,4.33,15223989.0,66570640.0
2011-03-22,4.34,4.25,4.36,4.24,22087978.0,94397528.0
2011-03-23,4.28,4.26,4.28,4.22,18874526.0,80255416.0
2011-03-24,4.28,4.24,4.28,4.24,17259815.0,73514344.0
2011-03-25,4.24,4.25,4.27,4.22,20040405.0,85011480.0
2011-03-28,4.26,4.11,4.27,4.1,34756947.0,143946080.0
2011-03-29,4.11,4.03,4.11,4.01,19274635.0,77800816.0
2011-03-30,4.05,4.06,4.12,4.01,8481494.0,34452620.0
2011-03-31,4.07,4.03,4.11,4.03,4968133.0,20178908.0
2011-04-01,4.04,3.97,4.07,3.91,17669387.0,69960800.0
2011-04-06,3.97,3.84,3.97,3.82,26226954.0,100969048.0
2011-04-07,3.84,3.84,3.87,3.8,22311222.0,85576312.0
2011-04-08,3.84,3.89,3.92,3.82,24285557.0,94069560.0
2011-04-12,3.87,3.73,3.87,3.72,39566081.0,149707152.0
2011-04-13,3.76,3.85,3.92,3.73,27385184.0,105375368.0
2011-04-14,3.85,3.9,3.91,3.81,17904358.0,68850024.0
2011-04-15,3.9,3.92,3.93,3.86,14575062.0,56815168.0
2011-04-18,3.92,3.88,3.95,3.88,21709855.0,84796696.0
2011-04-19,3.86,3.96,3.97,3.78,28040556.0,108987024.0
2011-04-20,3.96,3.88,4.04,3.87,15183073.0,59733516.0
2011-04-21,3.86,3.8,3.91,3.8,19994053.0,76512056.0
2011-04-22,3.77,3.76,3.84,3.74,17353143.0,65568672.0
2011-04-25,3.75,3.74,3.79,3.66,22207181.0,82606608.0
2011-04-26,3.75,3.79,3.79,3.71,13755144.0,51670208.0
2011-04-27,3.82,3.7,3.82,3.68,8984622.0,33503396.0
2011-04-28,3.67,3.45,3.73,3.34,33830710.0,117801736.0
2011-04-29,3.49,3.51,3.57,3.45,24819247.0,86626920.0
2011-05-03,3.5,3.62,3.62,3.45,11920476.0,42200728.0
2011-05-04,3.59,3.55,3.59,3.52,7058729.0,25012184.0
2011-05-05,3.53,3.56,3.56,3.51,5577472.0,19784052.0
2011-05-06,3.53,3.61,3.65,3.49,10479334.0,37752612.0
2011-05-09,3.61,3.76,3.76,3.58,19182195.0,71391240.0
2011-05-10,3.74,3.78,3.78,3.68,8596833.0,32255958.0
2011-05-11,3.78,3.82,3.85,3.74,11918706.0,45397800.0
2011-05-12,3.78,3.76,3.81,3.72,13434745.0,50474080.0
2011-05-13,3.74,3.76,3.77,3.66,9787890.0,36237516.0
2011-05-16,3.76,3.76,3.8,3.76,5115090.0,19326040.0
2011-05-17,3.79,3.75,3.8,3.73,5831867.0,21913678.0
2011-05-18,3.75,3.76,3.79,3.72,5485801.0,20703482.0
2011-05-19,3.78,3.7,3.78,3.7,7716108.0,28814236.0
2011-05-20,3.69,3.6,3.7,3.56,17905537.0,64399860.0
2011-05-23,3.59,3.53,3.64,3.53,8775056.0,31409078.0
2011-05-24,3.53,3.53,3.59,3.46,9275954.0,32787054.0
2011-05-25,3.53,3.54,3.58,3.47,7640402.0,27107754.0
2011-05-26,3.54,3.42,3.55,3.42,15505009.0,53876364.0
2011-05-27,3.4,3.28,3.43,3.26,11882729.0,39523612.0
2011-05-30,3.29,3.36,3.44,3.24,11527002.0,39028332.0
2011-05-31,3.38,3.48,3.49,3.36,9603506.0,33012374.0
2011-06-01,3.48,3.54,3.56,3.45,9416461.0,33157102.0
2011-06-02,3.53,3.61,3.62,3.5,11398848.0,40612132.0
2011-06-03,3.56,3.67,3.68,3.56,9460673.0,34401960.0
2011-06-07,3.68,3.6,3.71,3.56,14650842.0,53130272.0
2011-06-08,3.61,3.57,3.61,3.53,9644197.0,34340616.0
2011-06-09,3.55,3.51,3.6,3.5,6614749.0,23307362.0
2011-06-10,3.53,3.52,3.56,3.46,9048835.0,31814886.0
2011-06-13,3.46,3.55,3.59,3.46,6901944.0,24434226.0
2011-06-14,3.52,3.63,3.64,3.52,8861315.0,31772376.0
2011-06-15,3.63,3.54,3.63,3.54,6024952.0,21642704.0
2011-06-16,3.51,3.49,3.53,3.47,3889665.0,13576707.0
2011-06-17,3.49,3.46,3.55,3.46,4915388.0,17143602.0
2011-06-20,3.51,3.41,3.51,3.38,9290685.0,31821710.0
2011-06-21,3.44,3.42,3.44,3.4,7032546.0,24029750.0
2011-06-22,3.46,3.51,3.53,3.41,12127867.0,42199236.0
2011-06-23,3.51,3.61,3.62,3.48,8942292.0,31971370.0
2011-06-24,3.61,3.72,3.75,3.58,19177490.0,70918608.0
2011-06-27,3.73,3.72,3.83,3.71,21865961.0,82599176.0
2011-06-28,3.74,3.78,3.78,3.7,10555850.0,39528520.0
2011-06-29,3.77,3.82,3.87,3.75,11687570.0,44716252.0
2011-06-30,3.81,3.88,3.92,3.81,12398399.0,48222892.0
2011-07-01,3.89,3.91,3.96,3.87,17427989.0,68744952.0
2011-07-04,3.94,3.96,3.98,3.87,14298817.0,56272992.0
2011-07-05,3.99,3.96,3.99,3.92,10681575.0,42175928.0
2011-07-06,3.94,3.97,3.98,3.89,11667903.0,45991284.0
2011-07-07,3.97,4.06,4.13,3.97,21477434.0,87148008.0
2011-07-08,4.06,4.06,4.07,3.95,10686280.0,42920256.0
2011-07-11,4.04,4.06,4.12,4.0,6527672.0,26536058.0
2011-07-12,4.04,4.15,4.16,4.02,17693937.0,72811472.0
2011-07-13,4.14,4.09,4.24,4.08,35704480.0,148678064.0
2011-07-14,4.08,4.25,4.27,4.06,37582084.0,157802016.0
2011-07-15,4.25,4.43,4.43,4.22,33731603.0,147536944.0
2011-07-18,4.43,4.34,4.43,4.34,19839139.0,86608256.0
2011-07-19,4.32,4.4,4.43,4.22,22768336.0,98509680.0
2011-07-20,4.4,4.35,4.42,4.26,17791335.0,77030544.0
2011-07-21,4.35,4.3,4.36,4.29,9263733.0,39932412.0
2011-07-22,4.26,4.24,4.35,4.23,17232891.0,74269760.0
2011-07-25,4.2,4.23,4.3,4.2,21734145.0,91955880.0
2011-07-26,4.24,4.39,4.4,4.23,17815727.0,76953224.0
2011-07-27,4.35,4.48,4.6,4.34,18548934.0,83590968.0
2011-07-28,4.45,4.65,4.68,4.45,33075569.0,152415392.0
2011-07-29,4.65,4.56,4.67,4.55,24933550.0,114510096.0
2011-08-01,4.5,4.37,4.6,4.25,34267516.0,148773760.0
2011-08-02,4.33,4.4,4.41,4.24,14429378.0,62282932.0
2011-08-03,4.34,4.57,4.58,4.31,29198934.0,132304560.0
2011-08-04,4.57,4.55,4.62,4.5,11297050.0,51624740.0
2011-08-05,4.37,4.65,4.75,4.35,35334406.0,163181520.0
2011-08-08,4.64,4.52,4.81,4.48,33821847.0,156955920.0
2011-08-09,4.4,4.46,4.52,4.18,16237316.0,71214104.0
2011-08-10,4.47,4.5,4.66,4.47,18263602.0,83347768.0
2011-08-11,4.44,4.65,4.66,4.42,26270122.0,120793608.0
2011-08-12,4.65,4.66,4.8,4.65,22630278.0,107432272.0
2011-08-15,4.66,4.74,4.76,4.63,15320898.0,72223320.0
2011-08-16,4.74,4.7,4.77,4.67,13985652.0,65869764.0
2011-08-17,4.7,4.59,4.73,4.57,33232444.0,153133248.0
2011-08-18,4.59,4.26,4.59,4.23,78362814.0,339968768.0
2011-08-19,4.2,4.28,4.33,4.17,48739791.0,207917824.0
2011-08-22,4.29,4.22,4.36,4.21,18118482.0,77603144.0
2011-08-23,4.27,4.37,4.41,4.21,25578496.0,109440656.0
2011-08-24,4.42,4.44,4.51,4.42,16831939.0,75003072.0
2011-08-25,4.44,4.44,4.47,4.35,10657274.0,47009856.0
2011-08-26,4.44,4.41,4.47,4.33,16058436.0,70305008.0
2011-08-29,4.41,4.35,4.42,4.33,9253656.0,40303340.0
2011-08-30,4.39,4.25,4.43,4.25,17345241.0,75539544.0
2011-08-31,4.25,4.27,4.29,4.15,15972238.0,67106468.0
2011-09-01,4.28,4.26,4.34,4.24,14381494.0,61541360.0
2011-09-02,4.25,4.23,4.29,4.15,12107754.0,50747844.0
2011-09-05,4.18,4.16,4.21,4.13,16281558.0,67607080.0
2011-09-06,4.11,4.18,4.2,4.11,8777960.0,36443716.0
2011-09-07,4.25,4.22,4.25,4.15,5138076.0,21566416.0
2011-09-08,4.24,4.27,4.33,4.2,6929665.0,29534830.0
2011-09-09,4.31,4.22,4.34,4.16,4691881.0,19816222.0
2011-09-13,4.16,4.12,4.2,4.1,8046270.0,33283860.0
2011-09-14,4.12,4.15,4.18,4.07,11609841.0,47929512.0
2011-09-15,4.19,4.2,4.23,4.13,6897634.0,28800770.0
2011-09-16,4.23,4.21,4.23,4.15,6811163.0,28454480.0
2011-09-19,4.17,4.19,4.2,4.15,7655254.0,31937968.0
2011-09-20,4.16,4.19,4.19,4.13,4527721.0,18830110.0
2011-09-21,4.19,4.27,4.3,4.16,8300372.0,35191304.0
2011-09-22,4.26,4.25,4.31,4.2,15220233.0,64873980.0
2011-09-23,4.22,4.28,4.51,4.14,9614746.0,40443144.0
2011-09-26,4.19,4.2,4.28,4.18,3170571.0,13357289.0
2011-09-27,4.2,4.04,4.24,4.01,7591870.0,31178216.0
2011-09-28,4.05,3.93,4.08,3.82,27773838.0,108987504.0
2011-09-29,3.9,3.93,4.0,3.85,8528765.0,33274598.0
2011-09-30,3.93,3.93,3.97,3.9,1770616.0,6987552.0
2011-10-10,3.95,3.99,4.0,3.94,5478365.0,21770164.0
2011-10-11,4.2,4.05,4.25,4.02,16594905.0,67827568.0
2011-10-12,3.95,4.16,4.17,3.95,16189230.0,66479092.0
2011-10-13,4.19,4.29,4.37,4.14,27044526.0,115188656.0
2011-10-14,4.25,4.31,4.35,4.23,12837299.0,55249164.0
2011-10-17,4.31,4.31,4.36,4.27,10570510.0,45714376.0
2011-10-18,4.27,4.23,4.35,4.21,7251460.0,31217662.0
2011-10-19,4.17,4.1,4.28,4.05,8220537.0,34039324.0
2011-10-20,4.08,4.05,4.08,3.96,11608930.0,46753900.0
2011-10-21,4.1,3.91,4.1,3.91,7879146.0,31491958.0
2011-10-24,3.96,4.0,4.03,3.84,11293408.0,44353016.0
2011-10-25,3.96,4.19,4.21,3.96,8431651.0,34707520.0
2011-10-26,4.16,4.27,4.32,4.16,16129953.0,69021872.0
2011-10-27,4.28,4.23,4.32,4.21,6248287.0,26508986.0
2011-10-28,4.28,4.3,4.31,4.22,8878655.0,37886320.0
2011-10-31,4.26,4.36,4.4,4.23,18388538.0,79817352.0
2011-11-01,4.35,4.32,4.39,4.29,8516726.0,36972240.0
2011-11-02,4.29,4.4,4.48,4.23,26038622.0,114144416.0
2011-11-03,4.43,4.43,4.53,4.4,25593874.0,114152800.0
2011-11-04,4.49,4.36,4.49,4.33,35832097.0,157097216.0
2011-11-07,4.34,4.26,4.36,4.22,19196662.0,82062320.0
2011-11-08,4.26,4.24,4.29,4.2,11110126.0,47175304.0
2011-11-09,4.24,4.34,4.34,4.24,10765031.0,46053124.0
2011-11-10,4.29,4.33,4.37,4.27,8276748.0,35868256.0
2011-11-11,4.36,4.36,4.37,4.29,6437063.0,27948028.0
2011-11-14,4.39,4.44,4.47,4.36,19380106.0,85451736.0
2011-11-15,4.42,4.44,4.46,4.37,15189325.0,67323248.0
2011-11-16,4.44,4.31,4.45,4.25,15695191.0,68013544.0
2011-11-17,4.3,4.29,4.37,4.26,4889762.0,21061450.0
2011-11-18,4.28,4.13,4.32,4.07,20867584.0,86774448.0
2011-11-21,4.13,4.15,4.18,4.08,8229865.0,34031908.0
2011-11-22,4.13,4.19,4.19,4.1,5731789.0,23676128.0
2011-11-23,4.18,4.16,4.2,4.15,3829782.0,15974811.0
2011-11-24,4.12,4.19,4.2,4.1,4239282.0,17721892.0
2011-11-25,4.18,4.12,4.21,4.12,4989486.0,20770806.0
2011-11-28,4.1,4.04,4.18,4.03,9405575.0,38391040.0
2011-11-29,4.06,4.02,4.11,3.98,12515504.0,50384492.0
2011-11-30,4.03,4.03,4.11,4.0,11200492.0,45404956.0
2011-12-01,4.13,4.09,4.17,4.05,10597735.0,43676636.0
2011-12-02,4.09,3.99,4.09,3.95,15198157.0,60480420.0
2011-12-05,4.02,4.15,4.2,4.02,43025727.0,178348784.0
2011-12-06,4.11,4.25,4.27,4.1,27613472.0,117018656.0
2011-12-07,4.25,4.25,4.36,4.23,24297396.0,104522440.0
2011-12-08,4.29,4.35,4.36,4.2,48272502.0,208321856.0
2011-12-09,4.31,4.38,4.39,4.27,23032980.0,99986608.0
2011-12-12,4.38,4.34,4.42,4.28,15215478.0,65999032.0
2011-12-14,4.32,4.25,4.32,4.18,15987859.0,67614400.0
2011-12-15,4.23,4.21,4.25,4.18,11301876.0,47751400.0
2011-12-16,4.23,4.2,4.25,4.13,13129815.0,55056144.0
2011-12-19,4.15,4.25,4.26,4.15,19705897.0,83234048.0
2011-12-20,4.25,4.33,4.36,4.23,15740505.0,67916880.0
2011-12-21,4.34,4.18,4.41,4.18,16048895.0,69164808.0
2011-12-22,4.18,4.24,4.29,4.16,18883781.0,79846888.0
2011-12-23,4.2,4.27,4.36,4.17,17341791.0,74635184.0
2011-12-26,4.26,4.27,4.34,4.2,8589630.0,36826028.0
2011-12-27,4.27,4.27,4.33,4.21,8940845.0,38135772.0
2011-12-28,4.2,4.23,4.28,3.96,21208460.0,86137024.0
2011-12-29,4.21,4.19,4.22,4.1,5629232.0,23606292.0
2011-12-30,4.2,4.25,4.25,4.16,16546242.0,69816136.0
2012-01-04,4.25,4.16,4.35,4.16,8983206.0,38283388.0
2012-01-05,4.17,3.95,4.17,3.93,22936695.0,92106272.0
2012-01-06,3.96,4.03,4.03,3.89,11106605.0,43831032.0
2012-01-09,4.04,4.09,4.13,3.96,12127806.0,49250244.0
2012-01-10,4.11,4.21,4.24,4.09,10115452.0,42078448.0
2012-01-11,4.22,4.2,4.26,4.18,8207861.0,34620928.0
2012-01-12,4.22,4.1,4.25,4.05,11942774.0,49775740.0
2012-01-13,4.06,3.97,4.13,3.97,9805474.0,39452168.0
2012-01-16,3.97,3.91,3.97,3.9,6115278.0,24074670.0
2012-01-17,3.92,3.98,4.0,3.71,33454910.0,128056944.0
2012-01-18,3.95,3.59,3.95,3.59,34788780.0,128297832.0
2012-01-19,3.36,3.62,3.66,3.36,18061452.0,64808648.0
2012-01-20,3.62,3.63,3.68,3.61,17160745.0,62468200.0
2012-01-30,3.63,3.65,3.7,3.54,12547656.0,45932440.0
2012-01-31,3.69,3.66,3.7,3.54,15958671.0,57379324.0
2012-02-01,3.63,3.65,3.71,3.62,9474351.0,34767080.0
2012-02-02,3.69,3.69,3.71,3.66,8236674.0,30386164.0
2012-02-03,3.69,3.8,3.85,3.69,13073453.0,49142680.0
2012-02-06,3.81,3.8,3.85,3.76,14782648.0,56241772.0
2012-02-07,3.78,3.74,3.78,3.72,7415792.0,27672854.0
2012-02-08,3.73,3.81,3.84,3.72,6850498.0,25926860.0
2012-02-09,3.82,3.76,3.85,3.76,10876208.0,41202168.0
2012-02-10,3.76,3.67,3.79,3.61,26955637.0,99358880.0
2012-02-13,3.63,3.63,3.7,3.5,40086211.0,144599760.0
2012-02-14,3.61,3.83,3.83,3.61,29999552.0,112460648.0
2012-02-15,3.83,3.84,3.85,3.76,24520094.0,93467792.0
2012-02-16,3.84,3.81,3.85,3.78,12333963.0,47114168.0
2012-02-17,3.83,3.79,3.84,3.78,9451638.0,35889928.0
2012-02-20,3.83,3.89,3.95,3.8,20328504.0,79147888.0
2012-02-21,3.95,3.95,3.97,3.87,21062146.0,82990712.0
2012-02-22,3.92,4.15,4.15,3.92,24750268.0,100808856.0
2012-02-23,4.15,4.15,4.15,4.07,11191640.0,46063196.0
2012-02-24,4.15,4.12,4.19,4.1,9313995.0,38525112.0
2012-02-27,4.14,4.18,4.24,4.14,16235829.0,68194584.0
2012-02-28,4.18,4.15,4.22,4.12,18973519.0,78884696.0
2012-02-29,4.15,4.07,4.15,4.04,27264381.0,110930072.0
2012-03-01,4.05,4.11,4.17,4.04,19069419.0,78595888.0
2012-03-02,4.1,4.14,4.17,4.1,15471633.0,64197672.0
2012-03-05,4.17,4.13,4.17,4.11,10387876.0,42953572.0
2012-03-06,4.13,4.22,4.23,4.11,19508563.0,81308944.0
2012-03-07,4.2,4.26,4.3,4.16,15073464.0,64039360.0
2012-03-08,4.25,4.25,4.29,4.21,13541126.0,57450268.0
2012-03-09,4.24,4.25,4.27,4.23,5943752.0,25238794.0
2012-03-12,4.28,4.35,4.43,4.25,35531791.0,154124240.0
2012-03-13,4.31,4.35,4.36,4.27,21681131.0,93765320.0
2012-03-14,4.34,4.23,4.38,4.23,34130692.0,146830672.0
2012-03-15,4.25,4.18,4.25,4.12,20717284.0,86168912.0
2012-03-16,4.18,4.2,4.2,4.14,13658313.0,56983584.0
2012-03-19,4.17,4.37,4.37,4.15,25896901.0,111311456.0
2012-03-20,4.33,4.26,4.36,4.25,13214121.0,56920976.0
2012-03-21,4.26,4.17,4.31,4.11,19410315.0,81463000.0
2012-03-22,4.17,4.2,4.21,4.13,3603047.0,15050333.0
2012-03-23,4.16,4.25,4.25,4.15,5298888.0,22288380.0
2012-03-27,4.35,4.27,4.45,4.25,12763019.0,55396432.0
2012-03-28,4.25,4.17,4.33,4.15,12435447.0,53183676.0
2012-03-29,4.17,4.17,4.19,4.12,4542684.0,18878878.0
2012-03-30,4.17,4.21,4.22,4.12,4947035.0,20710906.0
2012-04-05,4.19,4.3,4.32,4.19,9107596.0,38701136.0
2012-04-06,4.26,4.3,4.35,4.25,8392660.0,36048356.0
2012-04-09,4.29,4.38,4.43,4.25,13677100.0,59803668.0
2012-04-10,4.42,4.35,4.42,4.21,17912912.0,76816744.0
2012-04-11,4.28,4.34,4.35,4.23,11446237.0,49048484.0
2012-04-12,4.33,4.33,4.34,4.25,9554610.0,40965800.0
2012-04-13,4.35,4.29,4.36,4.27,13628761.0,58607916.0
2012-04-16,4.29,4.29,4.29,4.21,7506401.0,32016426.0
2012-04-17,4.29,4.25,4.31,4.23,4739806.0,20139414.0
2012-04-18,4.26,4.3,4.33,4.23,6024689.0,25861172.0
2012-04-19,4.3,4.22,4.3,4.19,10486720.0,44301620.0
2012-04-20,4.22,4.29,4.3,4.16,10168951.0,43213028.0
2012-04-24,4.25,4.45,4.5,4.2,25852508.0,113997392.0
2012-04-25,4.45,4.49,4.49,4.4,17238516.0,76673320.0
2012-04-26,4.49,4.61,4.66,4.46,21519409.0,99017232.0
2012-04-27,4.6,4.57,4.61,4.5,10022324.0,45554944.0
2012-05-02,4.55,4.55,4.56,4.39,19302416.0,86287096.0
2012-05-03,4.52,4.48,4.53,4.42,23735087.0,105680472.0
2012-05-04,4.47,4.51,4.63,4.47,36044890.0,164236160.0
2012-05-07,4.49,4.72,4.72,4.47,49983983.0,231564160.0
2012-05-08,4.72,4.72,4.8,4.65,22962969.0,107668192.0
2012-05-09,4.66,4.64,4.72,4.61,21237830.0,98648760.0
2012-05-10,4.66,4.74,4.76,4.61,20125079.0,94935896.0
2012-05-11,4.7,4.63,4.73,4.63,12137731.0,56557184.0
2012-05-14,4.56,4.56,4.63,4.5,13507214.0,61538908.0
2012-05-15,4.5,4.56,4.56,4.45,9572993.0,43063460.0
2012-05-16,4.55,4.52,4.62,4.5,12325930.0,56173128.0
2012-05-17,4.53,4.57,4.6,4.51,4650968.0,21200252.0
2012-05-21,4.55,4.44,4.6,4.44,15883723.0,71313576.0
2012-05-22,4.48,4.38,4.5,4.35,42384778.0,187371728.0
2012-05-23,4.39,4.47,4.47,4.39,23993903.0,106404608.0
2012-05-24,4.47,4.56,4.6,4.46,15349064.0,69742688.0
2012-05-25,4.53,4.47,4.57,4.4,7900644.0,35509512.0
2012-05-28,4.42,4.5,4.51,4.37,29768750.0,132429928.0
2012-05-29,4.5,4.62,4.67,4.41,23824340.0,109359504.0
2012-05-30,4.62,4.64,4.7,4.56,18951171.0,87970600.0
2012-05-31,4.6,4.67,4.7,4.6,14504761.0,67634984.0
2012-06-01,4.64,4.61,4.68,4.56,21474409.0,98935152.0
2012-06-04,4.55,4.7,4.82,4.51,42868103.0,202298192.0
2012-06-05,4.74,4.6,4.74,4.6,33587353.0,155808896.0
2012-06-06,4.61,4.79,4.81,4.61,29296524.0,138943904.0
2012-06-07,4.82,4.8,4.97,4.79,29725004.0,145432912.0
2012-06-08,4.84,4.96,5.04,4.74,27657987.0,136541328.0
2012-06-11,5.02,5.14,5.16,4.96,21992769.0,111743920.0
2012-06-12,5.1,5.11,5.16,5.02,27949754.0,142094800.0
2012-06-13,5.12,5.26,5.31,5.12,21670896.0,113489240.0
2012-06-14,5.24,5.26,5.38,5.18,17219052.0,90587848.0
2012-06-15,5.26,5.18,5.34,5.09,18460177.0,95423480.0
2012-06-18,5.19,5.34,5.35,5.14,18619212.0,98496536.0
2012-06-19,5.33,5.31,5.44,5.24,22442002.0,119363568.0
2012-06-20,5.29,5.21,5.38,5.17,15638725.0,81669048.0
2012-06-21,5.18,5.19,5.23,5.08,14583826.0,74974936.0
2012-06-25,5.14,5.17,5.2,5.11,12161176.0,62755660.0
2012-06-26,5.18,5.12,5.27,5.09,13747095.0,71016536.0
2012-06-27,5.1,5.4,5.44,5.1,25860574.0,137701040.0
2012-06-28,5.4,5.36,5.51,5.36,28776837.0,156241664.0
2012-06-29,5.32,5.42,5.45,5.32,19973493.0,107846824.0
2012-07-02,5.46,5.61,5.68,5.33,30512625.0,166223120.0
2012-07-03,5.58,5.7,5.73,5.52,22905946.0,129431432.0
2012-07-04,5.69,5.37,5.77,5.31,38433062.0,209199600.0
2012-07-05,5.33,5.37,5.4,5.28,10724659.0,57336128.0
2012-07-06,5.38,5.56,5.58,5.34,14920035.0,81527040.0
2012-07-09,5.53,5.56,5.72,5.5,18338893.0,103539056.0
2012-07-10,5.56,5.45,5.56,5.32,17862870.0,96773208.0
2012-07-11,5.45,5.34,5.45,5.24,11186480.0,59852736.0
2012-07-12,5.28,5.58,5.64,5.21,30315566.0,164238080.0
2012-07-13,5.58,5.55,5.64,5.48,8877669.0,49362152.0
2012-07-16,5.54,5.44,5.58,5.38,8972676.0,49022528.0
2012-07-17,5.38,5.58,5.6,5.34,13618371.0,75227792.0
2012-07-18,5.58,5.39,5.63,5.27,14915045.0,80569664.0
2012-07-19,5.43,5.43,5.46,5.31,14868061.0,79892480.0
2012-07-20,5.4,5.41,5.41,5.33,8410286.0,45116672.0
2012-07-23,5.4,5.29,5.4,5.25,7983461.0,42460092.0
2012-07-24,5.24,5.4,5.44,5.24,8513356.0,45786604.0
2012-07-25,5.38,5.58,5.62,5.38,13774566.0,76218144.0
2012-07-26,5.55,5.7,5.74,5.54,23320230.0,132579584.0
2012-07-27,5.7,5.54,5.74,5.47,14346685.0,79510160.0
2012-07-30,5.55,5.32,5.56,5.31,12027206.0,64531200.0
2012-07-31,5.29,5.37,5.37,5.24,12070913.0,64160492.0
2012-08-01,5.37,5.42,5.49,5.32,10322298.0,55979980.0
2012-08-02,5.38,5.48,5.48,5.3,10901426.0,58733120.0
2012-08-03,5.47,5.58,5.61,5.39,14522664.0,80376720.0
2012-08-06,5.56,5.88,5.89,5.51,34580387.0,200194176.0
2012-08-07,5.86,6.07,6.12,5.85,31688642.0,190652800.0
2012-08-08,6.04,5.92,6.07,5.91,10134472.0,60383824.0
2012-08-09,5.93,6.14,6.17,5.93,12850935.0,78429224.0
2012-08-10,6.1,6.08,6.22,6.01,9046303.0,55092596.0
2012-08-13,6.11,6.06,6.16,6.0,9210941.0,55915048.0
2012-08-14,6.06,5.55,6.06,5.45,66666083.0,370121056.0
2012-08-15,5.44,5.72,5.81,5.44,27459892.0,156739488.0
2012-08-16,5.68,5.58,5.71,5.51,13768998.0,77351936.0
2012-08-17,5.58,5.44,5.65,5.38,24879165.0,135540592.0
2012-08-20,5.37,5.58,5.58,5.31,14970629.0,82129776.0
2012-08-21,5.53,5.78,5.8,5.49,28559627.0,163557840.0
2012-08-22,5.74,5.71,5.84,5.67,12248814.0,70483976.0
2012-08-23,5.77,5.76,5.79,5.54,11995263.0,67780976.0
2012-08-24,5.63,5.78,5.79,5.61,10184769.0,58186348.0
2012-08-27,5.76,5.58,5.76,5.45,21223840.0,118042704.0
2012-08-28,5.5,5.48,5.62,5.32,18287375.0,99471344.0
2012-08-29,5.41,5.47,5.53,5.41,8704757.0,47796164.0
2012-08-30,5.53,5.26,5.53,5.2,15821738.0,83488072.0
2012-08-31,5.26,5.19,5.33,5.17,15161935.0,79160200.0
2012-09-03,5.21,5.38,5.42,5.2,10577993.0,56573844.0
2012-09-04,5.4,5.43,5.56,5.4,22501823.0,123081968.0
2012-09-05,5.44,5.49,5.49,5.38,9213948.0,50031176.0
2012-09-06,5.54,5.55,5.6,5.46,11157478.0,61542132.0
2012-09-07,5.55,5.75,5.79,5.55,20167670.0,114983016.0
2012-09-10,5.78,5.74,5.87,5.58,22378271.0,126866048.0
2012-09-11,5.63,5.65,5.71,5.6,12274724.0,69134680.0
2012-09-12,5.68,5.7,5.71,5.6,8179722.0,46200264.0
2012-09-13,5.72,5.62,5.72,5.5,15288233.0,85498664.0
2012-09-14,5.62,5.46,5.62,5.37,23650807.0,128988944.0
2012-09-17,5.42,5.43,5.48,5.38,7397546.0,40229240.0
2012-09-18,5.38,5.46,5.49,5.38,6509835.0,35392188.0
2012-09-19,5.46,5.45,5.48,5.4,6124839.0,33379164.0
2012-09-20,5.41,5.52,5.55,5.41,13970962.0,76830976.0
2012-09-21,5.47,5.28,5.47,5.24,12915384.0,69016608.0
2012-09-24,5.28,5.36,5.43,5.11,18017599.0,94686264.0
2012-09-25,5.36,5.41,5.45,5.29,6213320.0,33646036.0
2012-09-26,5.41,5.31,5.41,5.16,6905529.0,36347388.0
2012-09-27,5.33,5.4,5.53,5.28,7128346.0,38706600.0
2012-09-28,5.34,5.52,5.53,5.34,12907608.0,70166496.0
2012-10-08,5.44,5.55,5.64,5.44,6085380.0,33725116.0
2012-10-09,5.61,5.71,5.73,5.58,12280788.0,69733408.0
2012-10-10,5.7,5.78,5.82,5.65,10835029.0,62333272.0
2012-10-11,5.72,5.67,5.77,5.64,14862092.0,84561848.0
2012-10-12,5.68,5.68,5.73,5.53,8589523.0,48196432.0
2012-10-15,5.69,5.62,5.69,5.55,4124239.0,23027774.0
2012-10-16,5.58,5.67,5.72,5.57,8395682.0,47498308.0
2012-10-17,5.72,5.58,5.72,5.54,8437470.0,47115804.0
2012-10-18,5.66,5.71,5.72,5.62,10544408.0,59796444.0
2012-10-19,5.72,5.66,5.72,5.64,7070669.0,40106736.0
2012-10-22,5.66,5.74,5.76,5.58,9309885.0,53017212.0
2012-10-23,5.72,5.84,6.04,5.72,20061698.0,117977960.0
2012-10-24,5.8,5.97,5.99,5.79,11021425.0,65595912.0
2012-10-25,6.0,5.85,6.0,5.77,7696766.0,45119236.0
2012-10-26,5.78,5.87,5.87,5.6,12762177.0,72739200.0
2012-10-29,5.8,5.98,6.0,5.74,11805458.0,70284368.0
2012-10-30,5.97,6.14,6.15,5.97,26051563.0,158796704.0
2012-10-31,6.12,6.19,6.26,6.08,22441676.0,138383952.0
2012-11-01,6.19,6.2,6.33,6.12,12697185.0,78831968.0
2012-11-02,6.19,6.15,6.2,6.08,7841509.0,48146364.0
2012-11-05,6.14,6.02,6.23,5.98,20006185.0,120832296.0
2012-11-06,6.04,5.99,6.05,5.81,20017601.0,118546080.0
2012-11-07,6.0,6.03,6.04,5.91,8033513.0,47958316.0
2012-11-08,6.03,5.92,6.03,5.83,9111977.0,53984784.0
2012-11-09,5.91,5.78,5.92,5.75,11210803.0,65145760.0
2012-11-12,5.82,5.68,5.83,5.67,13402231.0,76572368.0
2012-11-13,5.68,5.5,5.68,5.48,18251777.0,100943392.0
2012-11-14,5.51,5.53,5.58,5.48,11257526.0,62071100.0
2012-11-15,5.51,5.59,5.63,5.41,12689314.0,70625056.0
2012-11-16,5.58,5.61,5.68,5.46,8531112.0,47288092.0
2012-11-19,5.61,5.63,5.7,5.5,9340036.0,52346240.0
2012-11-20,5.67,5.59,5.71,5.55,5893060.0,33124812.0
2012-11-21,5.62,5.64,5.68,5.52,9560519.0,53597064.0
2012-11-22,5.62,5.54,5.62,5.39,8869847.0,48687184.0
2012-11-23,5.56,5.41,5.57,5.38,10053395.0,54549292.0
2012-11-26,5.41,5.16,5.41,5.1,37139406.0,193829280.0
2012-11-27,5.05,5.26,5.34,5.05,19820592.0,103080696.0
2012-11-28,5.26,5.3,5.35,5.18,7216406.0,38294060.0
2012-11-29,5.28,5.39,5.4,5.27,6241213.0,33587936.0
2012-11-30,5.38,5.45,5.48,5.34,8593047.0,46561892.0
2012-12-03,5.45,5.33,5.46,5.33,10735598.0,57840516.0
2012-12-04,5.33,5.36,5.44,5.31,8282913.0,44628760.0
2012-12-05,5.36,5.6,5.78,5.32,17161645.0,96025680.0
2012-12-06,5.72,5.71,5.75,5.52,11852975.0,67246280.0
2012-12-07,5.64,5.75,5.79,5.64,9833002.0,56395400.0
2012-12-10,5.81,5.84,5.87,5.7,11833697.0,68816752.0
2012-12-11,5.84,5.85,5.9,5.73,14072948.0,81984408.0
2012-12-12,5.85,5.75,5.89,5.74,14899784.0,86529032.0
2012-12-13,5.7,5.75,5.79,5.66,10006360.0,57328456.0
2012-12-14,5.75,6.0,6.01,5.71,25327953.0,150147264.0
2012-12-17,6.02,5.88,6.13,5.76,19627193.0,115293672.0
2012-12-18,5.95,5.82,5.95,5.71,21200722.0,123329440.0
2012-12-19,5.78,5.94,5.96,5.74,9763718.0,57283220.0
2012-12-20,5.9,5.98,6.02,5.86,12276099.0,73162792.0
2012-12-21,5.98,6.07,6.08,5.88,23334658.0,139857648.0
2012-12-24,6.1,6.04,6.23,6.03,20949394.0,127852976.0
2012-12-25,6.03,6.19,6.21,6.02,23722943.0,145128032.0
2012-12-26,6.18,6.29,6.3,6.07,19337641.0,119598152.0
2012-12-27,6.3,6.25,6.36,6.17,26565775.0,166997776.0
2012-12-28,6.21,6.25,6.32,6.19,20482609.0,128135544.0
2012-12-31,6.25,6.2,6.31,6.13,31794735.0,196934368.0
2013-01-04,6.18,5.79,6.18,5.58,57681138.0,336267008.0
2013-01-07,5.75,5.86,5.95,5.61,26094316.0,150843456.0
2013-01-08,5.85,5.88,5.98,5.75,38710224.0,227907600.0
2013-01-09,5.9,5.92,6.05,5.84,28441647.0,168306032.0
2013-01-10,5.92,5.89,5.98,5.84,26527787.0,156796544.0
2013-01-11,5.89,5.87,5.98,5.84,17088782.0,100939664.0
2013-01-14,5.87,6.05,6.12,5.85,34074594.0,204619648.0
2013-01-15,6.05,6.48,6.57,6.03,58244547.0,367228736.0
2013-01-16,6.47,6.76,6.87,6.42,55072147.0,370163488.0
2013-01-17,6.77,6.76,6.85,6.59,32025801.0,215788896.0
2013-01-18,6.77,6.64,6.87,6.58,31654103.0,211847280.0
2013-01-21,6.59,6.33,6.67,6.18,58331447.0,369182016.0
2013-01-22,6.31,6.25,6.53,6.21,44170109.0,281629728.0
2013-01-23,6.23,6.34,6.48,6.21,27391993.0,173202496.0
2013-01-24,6.31,6.18,6.37,6.12,24046667.0,149944368.0
2013-01-25,6.19,6.17,6.27,6.13,17570327.0,109297648.0
2013-01-28,6.16,6.06,6.27,5.96,45311728.0,276595008.0
2013-01-29,6.05,6.16,6.16,5.87,44911290.0,267638176.0
2013-01-30,6.18,6.23,6.4,6.18,43034524.0,269942816.0
2013-01-31,6.27,6.04,6.33,6.02,28002041.0,171852352.0
2013-02-01,6.04,5.95,6.1,5.92,30774424.0,183560240.0
2013-02-04,5.95,5.82,6.03,5.74,36459140.0,211809872.0
2013-02-05,5.88,6.0,6.03,5.76,31400632.0,184996416.0
2013-02-06,6.03,5.98,6.03,5.94,22875986.0,136974576.0
2013-02-07,5.97,6.18,6.19,5.91,33551964.0,204103248.0
2013-02-08,6.18,6.2,6.43,6.14,37036074.0,234938048.0
2013-02-18,6.27,6.32,6.35,6.18,16203199.0,101949424.0
2013-02-19,6.33,6.17,6.33,6.14,13672685.0,84895616.0
2013-02-20,6.17,6.34,6.37,6.17,21292210.0,133864080.0
2013-02-21,6.35,6.39,6.55,6.25,39266520.0,251852848.0
2013-02-22,6.39,6.4,6.54,6.38,23765253.0,154170800.0
2013-02-25,6.43,6.43,6.47,6.37,21446216.0,137737728.0
2013-02-26,6.41,6.55,6.75,6.38,50934855.0,339480224.0
2013-02-27,6.56,6.51,6.69,6.4,19754832.0,128219488.0
2013-02-28,6.57,6.56,6.69,6.37,19513801.0,127225944.0
2013-03-01,6.55,6.87,6.98,6.44,30773792.0,208267696.0
2013-03-04,6.87,6.92,7.19,6.77,30912802.0,215308672.0
2013-03-05,6.92,7.23,7.25,6.81,37372334.0,263668544.0
2013-03-06,7.22,7.37,7.49,7.18,39015860.0,290099360.0
2013-03-07,7.27,7.14,7.45,6.97,23951789.0,172381136.0
2013-03-08,7.17,6.93,7.25,6.88,15112957.0,106280344.0
2013-03-11,6.91,7.07,7.14,6.78,14877730.0,103982760.0
2013-03-12,7.05,6.92,7.23,6.79,22023145.0,152959728.0
2013-03-13,6.93,7.13,7.2,6.81,23176230.0,161773296.0
2013-03-14,7.14,7.52,7.61,7.07,32556267.0,241985424.0
2013-03-15,7.5,7.58,7.87,7.42,23703273.0,181429632.0
2013-03-18,7.57,7.83,7.86,7.51,27514085.0,214108800.0
2013-03-19,7.9,7.39,7.91,7.35,35437816.0,266769232.0
2013-03-20,7.39,7.39,7.49,7.33,30931131.0,229869088.0
2013-03-21,7.39,7.72,7.75,7.37,26592663.0,203286016.0
2013-03-22,7.69,7.92,8.06,7.69,35929195.0,283639456.0
2013-03-25,7.93,7.91,7.97,7.69,18225426.0,142502096.0
2013-03-26,7.83,8.0,8.04,7.76,13834507.0,109396768.0
2013-03-27,8.0,7.85,8.01,7.83,11327026.0,89461176.0
2013-03-28,7.77,7.75,7.89,7.65,14560768.0,113119328.0
2013-03-29,7.87,7.68,7.87,7.63,9071901.0,70025704.0
2013-04-01,7.52,7.86,7.87,7.52,16429446.0,126519768.0
2013-04-02,7.86,7.45,7.95,7.45,31700129.0,241880192.0
2013-04-03,7.47,7.4,7.57,7.26,21025330.0,155533216.0
2013-04-08,7.29,7.85,7.86,7.17,23438758.0,179949888.0
2013-04-09,7.86,7.61,7.88,7.48,33540974.0,254849904.0
2013-04-10,7.58,7.47,7.68,7.37,22023466.0,165924576.0
2013-04-11,7.47,7.43,7.52,7.39,12598744.0,93783608.0
2013-04-12,7.43,7.44,7.55,7.4,10528363.0,78453368.0
2013-04-15,7.41,7.19,7.55,7.18,16456214.0,119403648.0
2013-04-16,7.25,7.31,7.4,7.19,14925131.0,108727824.0
2013-04-17,7.27,7.49,7.58,7.21,41061852.0,305160768.0
2013-04-18,7.45,7.39,7.69,7.37,33773396.0,254391904.0
2013-04-19,7.41,7.6,7.7,7.37,37171204.0,281260320.0
2013-04-22,7.61,7.71,7.83,7.52,36604280.0,280005536.0
2013-04-23,7.71,7.74,7.81,7.57,25661738.0,198402864.0
2013-04-24,7.75,7.81,7.94,7.44,60816930.0,469019296.0
2013-04-25,7.73,7.35,7.74,7.34,61669846.0,464772544.0
2013-04-26,7.35,7.21,7.46,7.13,29443874.0,212854160.0
2013-05-02,7.21,7.37,7.46,7.17,24545617.0,179989056.0
2013-05-03,7.37,7.37,7.49,7.33,36458422.0,270500448.0
2013-05-06,7.38,7.44,7.58,7.37,31801758.0,238025760.0
2013-05-07,7.47,7.21,7.57,7.19,34660314.0,253026224.0
2013-05-08,7.21,7.25,7.32,7.17,28988118.0,210281904.0
2013-05-09,7.19,6.99,7.26,6.95,54614971.0,385623968.0
2013-05-10,7.02,7.06,7.17,6.99,29663579.0,210367600.0
2013-05-13,7.1,7.12,7.14,7.01,36438412.0,257951504.0
2013-05-14,7.12,7.1,7.19,7.02,30612758.0,217315504.0
2013-05-15,7.11,7.61,7.62,7.11,72427046.0,540289088.0
2013-05-16,7.56,7.74,7.9,7.48,69288538.0,538068672.0
2013-05-17,7.73,7.78,7.84,7.61,35242308.0,272549152.0
2013-05-20,7.8,7.79,7.82,7.6,51589462.0,397286848.0
2013-05-21,7.79,8.32,8.39,7.63,91533742.0,730113216.0
2013-05-22,8.3,7.97,8.3,7.84,71408092.0,572267456.0
2013-05-23,7.91,7.84,8.0,7.66,66995275.0,523953760.0
2013-05-24,7.82,7.87,7.97,7.78,30031783.0,236318656.0
2013-05-27,7.82,7.59,7.82,7.49,68865594.0,526431552.0
2013-05-28,7.55,7.59,7.66,7.4,43681485.0,329816864.0
2013-05-29,7.63,7.59,7.64,7.44,34558298.0,260291440.0
2013-05-30,7.59,7.41,7.62,7.32,47846218.0,356444320.0
2013-05-31,7.44,7.47,7.58,7.41,27626377.0,207170896.0
2013-06-03,7.46,7.43,7.58,7.38,43724820.0,326920480.0
2013-06-04,7.41,7.22,7.45,7.19,32938156.0,239248400.0
2013-06-05,7.27,7.5,7.52,7.27,36052869.0,267948368.0
2013-06-06,7.5,7.48,7.59,7.44,25016875.0,187509664.0
2013-06-07,7.47,7.35,7.53,7.33,22607042.0,167802224.0
2013-06-13,7.27,7.39,7.43,6.97,23558942.0,169905424.0
2013-06-14,7.36,7.74,7.85,7.3,53878494.0,411772736.0
2013-06-17,7.71,7.75,7.88,7.67,45309223.0,352233888.0
2013-06-18,7.74,7.5,7.75,7.49,36713600.0,277733568.0
2013-06-19,7.5,7.43,7.5,7.3,33607728.0,248882240.0
2013-06-20,7.41,7.39,7.49,7.33,27307618.0,201723936.0
2013-06-21,7.35,7.25,7.43,7.08,49320281.0,360960544.0
2013-06-24,7.22,6.89,7.25,6.77,39044450.0,273688896.0
2013-06-25,6.77,6.89,7.01,6.41,40320325.0,273330144.0
2013-06-26,7.1,7.17,7.22,6.92,51736585.0,368247680.0
2013-06-27,7.17,7.14,7.34,7.07,41840559.0,302571648.0
2013-06-28,7.11,7.04,7.15,6.99,29918200.0,211488176.0
2013-07-01,7.04,7.34,7.44,7.04,55288645.0,404372352.0
2013-07-02,7.32,7.58,7.63,7.29,39556453.0,297283392.0
2013-07-03,7.65,7.81,7.91,7.58,51941832.0,402302592.0
2013-07-04,7.71,7.68,7.89,7.67,34396521.0,267086480.0
2013-07-05,7.7,7.59,7.77,7.53,22972781.0,175377808.0
2013-07-08,7.47,7.32,7.52,7.29,29811089.0,220772064.0
2013-07-09,7.35,7.3,7.41,7.25,21186550.0,154668176.0
2013-07-10,7.35,7.63,7.71,7.23,37436896.0,281269376.0
2013-07-11,7.7,7.73,7.93,7.58,48434487.0,375933696.0
2013-07-12,7.73,7.91,8.11,7.73,60321064.0,478296672.0
2013-07-15,7.99,8.27,8.29,7.91,67294236.0,549327296.0
2013-07-16,8.31,8.5,8.51,8.26,64651886.0,542043008.0
2013-07-17,8.5,8.39,8.5,8.16,40776629.0,339011584.0
2013-07-18,8.32,8.15,8.36,8.14,31580273.0,259661072.0
2013-07-19,8.11,8.15,8.45,8.07,42002405.0,347016544.0
2013-07-22,8.14,8.31,8.34,8.09,29126036.0,240314480.0
2013-07-23,8.27,9.14,9.14,8.27,106610436.0,947474112.0
2013-07-24,9.15,9.3,9.48,9.09,81185018.0,751769792.0
2013-07-25,9.17,8.87,9.21,8.77,57971807.0,520397408.0
2013-07-26,8.72,8.63,8.95,8.44,39852986.0,344190848.0
2013-07-29,8.51,8.44,8.73,8.27,28668251.0,243789632.0
2013-07-30,8.44,8.2,8.54,8.07,38650923.0,321204544.0
2013-07-31,8.15,7.93,8.25,7.84,71389818.0,570389760.0
2013-08-01,7.93,8.4,8.55,7.87,57753623.0,480023936.0
2013-08-02,8.45,8.57,8.69,8.45,48967288.0,419344576.0
2013-08-05,8.54,8.69,8.74,8.5,30783097.0,266306672.0
2013-08-06,8.71,8.81,8.91,8.56,30529511.0,266634912.0
2013-08-07,8.78,8.54,8.9,8.43,31498391.0,270617120.0
2013-08-08,8.44,8.4,8.54,8.31,20640126.0,173988000.0
2013-08-09,8.38,8.33,8.6,8.21,20415030.0,170840672.0
2013-08-12,8.43,8.47,8.53,8.14,38921854.0,324165664.0
2013-08-13,8.45,8.41,8.51,8.25,21542294.0,181327952.0
2013-08-14,8.43,8.73,8.73,8.38,36535823.0,314695392.0
2013-08-15,8.67,8.59,8.85,8.59,28198057.0,246853904.0
2013-08-16,8.58,8.17,8.66,8.15,37456661.0,314438016.0
2013-08-19,8.32,8.6,8.61,8.2,33416209.0,281374880.0
2013-08-20,8.6,8.7,8.83,8.59,36418457.0,318525504.0
2013-08-21,8.67,9.2,9.31,8.67,75193668.0,685807936.0
2013-08-22,9.22,9.3,9.41,9.16,56034446.0,520734848.0
2013-08-23,9.35,9.14,9.72,8.88,69918757.0,651018624.0
2013-08-26,9.28,9.9,9.94,9.28,60513734.0,585509312.0
2013-08-27,10.0,10.07,10.26,9.83,47677744.0,478422656.0
2013-08-28,10.0,9.85,10.03,9.73,35619988.0,353155808.0
2013-08-29,9.9,9.88,10.02,9.76,16603813.0,164020240.0
2013-08-30,9.88,9.72,10.37,9.63,39169196.0,393364544.0
2013-09-02,9.75,10.24,10.24,9.75,28675795.0,289577952.0
2013-09-03,10.32,10.2,10.64,10.13,30433388.0,314296800.0
2013-09-04,10.16,10.17,10.28,9.99,17839310.0,179932192.0
2013-09-05,10.25,9.91,10.25,9.81,19172273.0,190399904.0
2013-09-06,9.84,9.86,10.1,9.73,18692538.0,183662016.0
2013-09-09,9.86,10.0,10.12,9.74,33412844.0,335149344.0
2013-09-10,10.01,9.9,10.08,9.68,25926284.0,254260096.0
2013-09-11,9.74,9.54,9.87,9.33,45335770.0,429815456.0
2013-09-12,9.44,9.44,9.73,9.31,22839673.0,216264112.0
2013-09-13,9.44,9.66,9.84,9.4,22580282.0,218046064.0
2013-09-16,9.73,9.64,9.84,9.54,24488162.0,237931776.0
2013-09-17,9.6,9.71,9.84,9.58,16043242.0,155974928.0
2013-09-18,9.74,9.71,9.83,9.54,18043118.0,174299280.0
2013-09-23,9.74,10.36,10.41,9.74,34491324.0,350060256.0
2013-09-24,10.16,10.44,10.62,10.16,34325209.0,360536768.0
2013-09-25,10.44,10.25,10.5,10.2,18045846.0,185808912.0
2013-09-26,10.2,10.44,10.6,10.0,26366754.0,274541888.0
2013-09-27,10.44,10.58,10.68,10.25,26832076.0,283000000.0
2013-09-30,10.64,10.6,10.8,10.4,13414043.0,141865040.0
2013-10-08,10.64,10.84,10.92,10.48,22740081.0,245790192.0
2013-10-09,10.8,10.88,11.04,10.74,22880174.0,248945696.0
2013-10-10,10.88,11.16,11.38,10.84,26795604.0,296472288.0
2013-10-11,11.17,10.58,11.32,10.54,32894260.0,356655808.0
2013-10-14,10.79,10.68,11.32,10.62,35678067.0,389640800.0
2013-10-15,10.69,10.52,10.89,10.18,33411487.0,346992672.0
2013-10-16,10.44,10.38,10.58,10.11,22215532.0,230294096.0
2013-10-17,10.44,10.36,10.8,10.27,23732373.0,250538848.0
2013-10-18,10.56,10.46,10.57,10.22,16718888.0,173117504.0
2013-10-21,10.46,10.72,10.77,10.4,21725296.0,229948704.0
2013-10-22,10.72,10.14,10.72,10.12,38149051.0,392798528.0
2013-10-23,10.13,10.13,10.27,9.95,20052952.0,202530608.0
2013-10-24,10.15,9.99,10.18,9.92,15333303.0,153211952.0
2013-10-25,9.99,9.65,10.06,9.48,31471879.0,303273632.0
2013-10-28,9.65,9.93,10.07,9.65,17787734.0,176358896.0
2013-10-29,10.04,9.61,10.16,9.44,24981055.0,242542544.0
2013-10-30,9.66,9.61,9.76,9.36,18582514.0,176413888.0
2013-10-31,9.6,9.59,9.68,9.31,19352971.0,184140800.0
2013-11-01,9.62,9.56,9.66,9.38,24502991.0,232517600.0
2013-11-04,9.68,9.82,9.97,9.52,27276375.0,266728688.0
2013-11-05,9.74,9.99,10.03,9.64,17707665.0,175373552.0
2013-11-06,9.97,9.8,10.09,9.8,16681324.0,166106608.0
2013-11-07,9.8,9.54,9.88,9.44,16761350.0,160160496.0
2013-11-08,9.36,9.52,9.59,9.36,13790983.0,130348128.0
2013-11-11,9.56,9.84,10.04,9.48,17582439.0,171231056.0
2013-11-12,9.95,9.78,10.0,9.64,11137423.0,109016704.0
2013-11-13,9.9,9.98,10.18,9.88,24482832.0,244912064.0
2013-11-14,10.08,10.09,10.19,9.76,23027009.0,230229056.0
2013-11-15,10.1,10.19,10.31,10.09,31508379.0,321823424.0
2013-11-18,10.32,10.25,10.39,10.1,29272329.0,299874560.0
2013-11-19,10.24,10.02,10.35,9.99,23738542.0,240502768.0
2013-11-20,10.13,10.15,10.22,9.95,18559127.0,187062576.0
2013-11-21,10.1,10.03,10.1,9.93,14293983.0,142900512.0
2013-11-22,10.09,9.92,10.11,9.88,11793490.0,117289152.0
2013-11-25,9.88,9.68,9.92,9.6,25410776.0,247180656.0
2013-11-26,9.68,9.66,9.78,9.54,18472540.0,177547184.0
2013-11-27,9.64,9.89,9.92,9.62,19622820.0,192247008.0
2013-11-28,9.93,10.02,10.08,9.82,21169375.0,211037376.0
2013-11-29,10.02,9.93,10.05,9.85,15454223.0,153174864.0
2013-12-02,9.67,9.38,9.72,9.27,31710015.0,301891936.0
2013-12-03,9.37,9.59,9.68,9.19,23224389.0,218675008.0
2013-12-04,9.58,9.4,9.65,9.37,36267707.0,343878880.0
2013-12-05,9.42,9.04,9.48,9.03,34827144.0,319234976.0
2013-12-06,9.04,8.76,9.11,8.71,35983897.0,319319200.0
2013-12-09,8.94,9.11,9.21,8.93,30178903.0,273931296.0
2013-12-10,9.19,9.34,9.41,9.17,28373557.0,264172192.0
2013-12-11,9.31,9.31,9.39,9.23,15296915.0,143044576.0
2013-12-12,9.33,9.4,9.48,9.27,12427794.0,116533512.0
2013-12-13,9.23,9.49,9.52,9.23,12243026.0,115271088.0
2013-12-16,9.47,9.27,9.52,9.27,14860865.0,139941984.0
2013-12-17,9.31,9.29,9.46,9.17,14995935.0,139782304.0
2013-12-18,9.4,9.36,9.42,9.15,15309286.0,142428000.0
2013-12-19,9.29,9.25,9.36,9.2,20852532.0,193333216.0
2013-12-20,9.33,9.39,9.4,9.15,25711831.0,237706560.0
2013-12-23,9.36,9.17,9.38,9.16,15609103.0,144946912.0
2013-12-24,9.22,9.46,9.5,9.19,21819011.0,205094064.0
2013-12-25,9.46,9.66,9.76,9.37,27381736.0,264462816.0
2013-12-26,9.54,9.19,9.58,9.18,27642669.0,258048784.0
2013-12-27,9.23,9.33,9.49,9.19,22697394.0,211929264.0
2013-12-30,9.33,9.06,9.41,9.01,30835749.0,280730144.0
2013-12-31,9.06,9.23,9.27,8.99,20039677.0,183094528.0
2014-01-02,9.03,9.25,9.52,8.93,44131415.0,406745312.0
2014-01-03,9.31,9.4,9.48,9.23,27792872.0,259868400.0
2014-01-06,9.4,9.23,9.4,9.12,20051827.0,185151344.0
2014-01-07,9.07,9.06,9.24,8.99,20497819.0,186628496.0
2014-01-08,9.06,8.83,9.17,8.76,35414148.0,315871232.0
2014-01-09,8.83,8.59,9.03,8.47,32313298.0,284876736.0
2014-01-10,8.59,8.45,8.67,8.33,36314615.0,306013248.0
2014-01-13,8.45,8.47,8.64,8.39,32630976.0,277920928.0
2014-01-14,8.47,8.6,8.62,8.46,16918029.0,144881152.0
2014-01-15,8.66,9.01,9.13,8.63,26831897.0,238135472.0
2014-01-16,8.99,8.83,9.1,8.79,24955603.0,223538704.0
2014-01-17,8.78,8.65,8.95,8.63,19491021.0,170304928.0
2014-01-20,8.63,8.38,8.73,8.11,40981466.0,341123968.0
2014-01-21,8.39,8.49,8.68,8.39,18329073.0,156267840.0
2014-01-22,8.49,8.77,8.95,8.47,38352282.0,335436512.0
2014-01-23,8.78,9.01,9.06,8.69,35361075.0,316275520.0
2014-01-24,9.23,9.05,9.5,9.03,53373128.0,493794528.0
2014-01-27,9.07,8.84,9.19,8.77,37400537.0,332347552.0
2014-01-28,8.92,8.62,8.93,8.38,43716168.0,373867712.0
2014-01-29,8.61,8.51,8.74,8.47,24458130.0,208610448.0
2014-01-30,8.51,8.52,8.58,8.42,15199862.0,128796392.0
2014-02-07,8.43,8.53,8.55,8.4,24223201.0,205502416.0
2014-02-10,8.66,8.92,9.03,8.52,51677073.0,452663392.0
2014-02-11,8.9,8.69,8.98,8.51,53469216.0,467850464.0
2014-02-12,8.69,8.55,8.7,8.42,64708643.0,548576768.0
2014-02-13,8.54,8.54,8.7,8.47,48398492.0,415990688.0
2014-02-14,8.54,8.56,8.6,8.43,50400222.0,427661056.0
2014-02-17,8.61,8.69,8.79,8.6,54572914.0,473438880.0
2014-02-18,8.73,8.84,8.93,8.63,59108371.0,522301056.0
2014-02-19,8.93,9.2,9.22,8.87,83510569.0,757463616.0
2014-02-20,9.23,8.97,9.36,8.85,57363660.0,521275968.0
2014-02-21,9.01,9.42,9.84,8.99,81695587.0,771971008.0
2014-02-24,9.54,9.48,9.62,9.31,53765218.0,507270464.0
2014-02-25,9.46,8.87,9.5,8.53,112744021.0,994779136.0
2014-02-26,8.67,8.77,8.85,8.46,41187379.0,358004416.0
2014-02-27,8.76,8.62,8.83,8.56,28783507.0,250439136.0
2014-02-28,8.6,8.83,8.88,8.55,31702499.0,276436096.0
2014-03-03,9.33,9.19,9.43,9.01,58219137.0,535291616.0
2014-03-04,9.14,8.97,9.15,8.73,40746477.0,362587552.0
2014-03-05,8.96,8.8,8.96,8.76,26438236.0,233210816.0
2014-03-06,8.74,8.42,8.74,8.37,54544615.0,462923168.0
2014-03-07,8.4,8.34,8.52,8.3,38506569.0,322029664.0
2014-03-10,8.34,8.39,8.55,8.31,44675663.0,375929984.0
2014-03-11,8.39,8.47,8.67,8.13,40270030.0,340017024.0
2014-03-12,8.43,8.31,8.46,8.27,23348472.0,194919456.0
2014-03-13,8.32,8.25,8.37,8.22,26391098.0,218502144.0
2014-03-14,8.25,8.3,8.43,8.23,24424972.0,203006288.0
2014-03-17,8.43,8.36,8.52,8.31,31193857.0,262827680.0
2014-03-18,8.38,8.23,8.46,8.21,35116522.0,291332512.0
2014-03-19,8.2,7.48,8.21,7.41,125915868.0,955554368.0
2014-03-20,7.39,7.13,7.4,7.11,104354613.0,755107584.0
2014-03-21,7.11,7.34,7.41,7.03,45877238.0,332797024.0
2014-03-24,7.34,7.29,7.38,7.19,35774181.0,260190048.0
2014-03-25,7.29,7.16,7.37,7.14,33715630.0,243729808.0
2014-03-26,7.17,7.24,7.29,7.17,27070098.0,195642624.0
2014-03-27,7.23,6.99,7.26,6.87,50955573.0,355830176.0
2014-03-28,6.97,6.91,7.01,6.87,23608073.0,163868736.0
2014-03-31,7.0,7.01,7.02,6.91,25403023.0,177310672.0
2014-04-01,7.01,7.1,7.12,6.97,32703336.0,230506224.0
2014-04-02,7.1,7.09,7.12,6.96,24565072.0,172901120.0
2014-04-03,7.11,7.39,7.55,7.09,60661239.0,447797792.0
2014-04-04,7.4,7.55,7.6,7.29,38307983.0,286608064.0
2014-04-08,7.5,7.65,7.76,7.42,38332793.0,292191776.0
2014-04-09,7.65,7.65,7.75,7.54,29416364.0,224835888.0
2014-04-10,7.63,7.56,7.71,7.54,25646442.0,194690784.0
2014-04-11,7.55,7.39,7.57,7.35,30913721.0,229004848.0
2014-04-14,7.38,7.62,7.65,7.35,20692760.0,156215904.0
2014-04-15,7.58,7.64,7.88,7.53,35900396.0,278890112.0
2014-04-16,7.64,7.69,7.85,7.59,22946011.0,177416928.0
2014-04-17,7.69,7.64,7.77,7.43,24219672.0,185328944.0
2014-04-18,7.56,7.58,7.7,7.49,15933722.0,120905360.0
2014-04-21,7.57,7.7,7.86,7.51,44271967.0,343779584.0
2014-04-22,7.87,7.76,7.98,7.45,42574174.0,330438784.0
2014-04-23,7.79,7.7,7.85,7.55,22114335.0,170578208.0
2014-04-24,7.71,7.56,7.75,7.53,22205569.0,169452944.0
2014-04-25,7.56,7.41,7.62,7.39,17230642.0,129108784.0
2014-04-28,7.41,7.3,7.46,7.24,16606984.0,121743008.0
2014-04-29,7.34,7.4,7.45,7.28,11521082.0,85191776.0
2014-04-30,7.38,7.64,7.7,7.35,21394114.0,162332736.0
2014-05-05,7.64,7.6,7.69,7.43,20594552.0,155434608.0
2014-05-06,7.59,7.79,7.96,7.55,49676151.0,387479136.0
2014-05-07,7.78,7.62,7.78,7.59,19269589.0,147729824.0
2014-05-08,7.63,7.65,7.7,7.55,15267184.0,116499384.0
2014-05-09,7.67,7.65,7.7,7.47,16044154.0,122216528.0
2014-05-12,7.68,7.8,7.89,7.64,28596347.0,223098880.0
2014-05-13,7.83,7.81,7.97,7.77,24952771.0,196851920.0
2014-05-14,7.81,7.78,7.87,7.69,11426538.0,88662016.0
2014-05-15,7.75,7.68,7.81,7.61,12688826.0,97310360.0
2014-05-16,7.73,7.76,7.8,7.61,18118861.0,140199056.0
2014-05-19,7.76,7.67,7.78,7.63,10917493.0,83973960.0
2014-05-20,7.7,7.77,7.85,7.7,17028774.0,132245200.0
2014-05-21,7.68,7.63,7.7,7.51,25216626.0,191096832.0
2014-05-22,7.63,7.33,7.63,7.31,41352221.0,308036576.0
2014-05-23,7.38,7.14,7.38,6.88,68793764.0,485617216.0
2014-05-26,7.14,7.04,7.18,6.94,64128685.0,449696288.0
2014-05-27,7.02,7.07,7.13,6.97,31216639.0,220946800.0
2014-05-28,7.07,7.27,7.32,7.02,43804515.0,315106816.0
2014-05-29,7.27,7.22,7.32,7.19,21003422.0,152126912.0
2014-05-30,7.25,7.24,7.3,7.15,14176766.0,102361592.0
2014-06-03,7.24,7.34,7.38,7.24,24330495.0,178738832.0
2014-06-04,7.34,7.3,7.36,7.09,18634434.0,134151608.0
2014-06-05,7.25,7.23,7.29,7.16,17412623.0,125964792.0
2014-06-06,7.27,7.17,7.29,7.15,12154616.0,87438440.0
2014-06-09,7.14,6.8,7.14,6.78,59150986.0,407615392.0
2014-06-10,6.77,6.94,6.95,6.77,29472680.0,203044592.0
2014-06-11,6.91,6.85,6.95,6.71,42171663.0,287403040.0
2014-06-12,6.8,6.83,6.83,6.72,29947479.0,202700800.0
2014-06-13,6.85,6.84,6.85,6.75,52092954.0,354336576.0
2014-06-16,6.82,6.86,6.87,6.71,53224776.0,361186112.0
2014-06-17,6.86,6.74,6.87,6.71,34877845.0,236501536.0
2014-06-18,6.74,6.77,6.84,6.67,32043942.0,217209920.0
2014-06-19,6.77,6.54,6.83,6.52,35760659.0,239744320.0
2014-06-20,6.54,6.6,6.61,6.51,30171800.0,197812128.0
2014-06-23,6.6,6.64,6.72,6.58,28483885.0,189390624.0
2014-06-24,6.64,6.69,6.7,6.61,20716297.0,137757088.0
2014-06-25,6.67,6.76,6.81,6.63,28542106.0,192007728.0
2014-06-26,6.74,6.78,6.79,6.71,35015672.0,236292096.0
2014-06-27,6.77,6.79,6.81,6.72,35091947.0,237099200.0
2014-06-30,6.83,6.8,6.83,6.71,62996205.0,427208000.0
2014-07-01,6.8,6.89,6.94,6.8,78025350.0,536800512.0
2014-07-02,6.91,6.8,6.92,6.77,38425566.0,261668944.0
2014-07-03,6.8,6.82,6.89,6.8,43933869.0,300763072.0
2014-07-04,6.82,6.81,6.86,6.81,24870957.0,169781728.0
2014-07-07,6.83,6.83,6.9,6.74,28050371.0,191553712.0
2014-07-08,6.82,6.78,6.82,6.73,21048622.0,142545088.0
2014-07-09,6.82,6.62,6.82,6.55,68239511.0,453126336.0
2014-07-10,6.58,6.37,6.62,6.26,83362202.0,529484704.0
2014-07-11,6.34,6.3,6.4,6.28,35768293.0,226106528.0
2014-07-14,6.34,6.42,6.42,6.31,30986452.0,197355776.0
2014-07-15,6.45,6.52,6.56,6.41,32168371.0,208672896.0
2014-07-16,6.52,6.44,6.54,6.41,25138778.0,162279680.0
2014-07-17,6.46,6.31,6.47,6.27,37661866.0,237968640.0
2014-07-18,6.29,6.44,6.47,6.28,38500828.0,247235696.0
2014-07-21,6.6,6.94,6.97,6.54,118008727.0,802008576.0
2014-07-22,6.89,6.91,6.99,6.81,56088299.0,386625984.0
2014-07-23,6.91,6.97,7.12,6.86,68381301.0,480280352.0
2014-07-24,6.96,6.87,7.04,6.79,47561423.0,327611392.0
2014-07-25,6.87,6.96,7.0,6.87,36146300.0,251273984.0
2014-07-28,7.02,7.14,7.27,6.95,79565402.0,564765440.0
2014-07-29,7.15,7.57,7.62,7.09,117754357.0,880228928.0
2014-07-30,7.48,7.59,7.8,7.44,92396363.0,709600640.0
2014-07-31,7.58,7.7,7.73,7.42,47095361.0,354134016.0
2014-08-01,7.62,7.62,7.77,7.54,47317791.0,362169568.0
2014-08-04,7.62,7.54,7.7,7.46,48818721.0,366916672.0
2014-08-05,7.54,7.69,7.69,7.4,49112082.0,370354592.0
2014-08-06,7.55,7.57,7.66,7.51,38651146.0,293028480.0
2014-08-07,7.7,7.62,8.02,7.6,53808829.0,417335072.0
2014-08-08,7.68,7.74,7.81,7.58,43067826.0,332747584.0
2014-08-11,7.76,7.8,7.84,7.73,33665875.0,262581872.0
2014-08-12,7.81,7.8,7.85,7.75,23401682.0,182496320.0
2014-08-13,7.81,7.78,7.9,7.68,38151605.0,296597984.0
2014-08-14,7.75,7.61,7.77,7.55,39591538.0,302922240.0
2014-08-15,7.62,7.72,7.81,7.55,34846028.0,268345744.0
2014-08-18,7.77,7.73,7.81,7.65,29849388.0,230305360.0
2014-08-19,7.71,7.88,7.88,7.67,56845147.0,444139520.0
2014-08-20,7.88,7.83,7.93,7.77,30476639.0,238938048.0
2014-08-21,7.83,7.88,7.89,7.77,27952729.0,218850112.0
2014-08-22,7.9,8.14,8.26,7.9,60057285.0,487654624.0
2014-08-25,8.15,8.08,8.19,7.99,28294206.0,228883488.0
2014-08-26,8.02,8.01,8.22,7.96,33885138.0,274114208.0
2014-08-27,8.15,8.15,8.41,8.13,47100792.0,389121696.0
2014-08-28,8.15,7.98,8.26,7.98,31499447.0,255205968.0
2014-08-29,8.02,8.07,8.11,7.98,19784475.0,159022544.0
2014-09-01,8.09,8.11,8.15,8.01,31163541.0,251298640.0
2014-09-02,8.13,8.14,8.18,8.07,34264638.0,278533344.0
2014-09-03,8.15,8.31,8.36,8.15,43992081.0,363334304.0
2014-09-04,8.34,8.43,8.45,8.24,46920110.0,392721312.0
2014-09-05,8.44,8.3,8.52,8.25,44133944.0,367809472.0
2014-09-09,8.3,8.15,8.3,8.1,44188633.0,360013216.0
2014-09-10,8.13,8.19,8.28,8.06,30906371.0,253696672.0
2014-09-11,8.15,8.1,8.27,8.07,33561800.0,273605632.0
2014-09-12,8.09,8.13,8.15,8.05,23386070.0,189475408.0
2014-09-15,8.15,8.19,8.23,8.01,47257485.0,382555072.0
2014-09-16,8.19,7.68,8.21,7.64,66997612.0,529981440.0
2014-09-17,7.89,7.65,7.92,7.57,58961684.0,454025216.0
2014-09-18,7.58,7.66,7.73,7.51,30770947.0,234445184.0
2014-09-19,7.67,7.82,7.85,7.66,34685796.0,269120352.0
2014-09-22,7.77,7.6,7.82,7.5,42056015.0,320404320.0
2014-09-23,7.59,7.62,7.63,7.55,26557149.0,201829024.0
2014-09-24,7.58,7.73,7.78,7.55,44334087.0,340049376.0
2014-09-25,7.77,7.71,7.85,7.68,36981146.0,287477248.0
2014-09-26,7.66,7.57,7.69,7.52,34254552.0,259284608.0
2014-09-29,7.62,7.87,7.94,7.62,59970562.0,467187200.0
2014-09-30,7.88,7.86,7.92,7.75,46030676.0,360472672.0
2014-10-08,7.93,7.92,7.93,7.82,38891408.0,305880288.0
2014-10-09,7.93,7.88,7.94,7.75,39920483.0,313246496.0
2014-10-10,7.82,7.81,7.85,7.65,59782355.0,463120416.0
2014-10-13,7.76,7.61,7.76,7.55,53873707.0,410597376.0
2014-10-14,7.61,7.55,7.66,7.5,40169798.0,304600192.0
2014-10-15,7.55,7.64,7.65,7.51,26551812.0,201716784.0
2014-10-16,7.89,7.8,8.1,7.78,103336665.0,818614016.0
2014-10-17,7.86,8.02,8.05,7.66,92329007.0,728258560.0
2014-10-20,8.05,8.11,8.19,8.04,85125273.0,692478592.0
2014-10-21,8.07,8.01,8.16,7.99,44009820.0,355741952.0
2014-10-22,8.04,8.09,8.14,8.0,48846144.0,394578016.0
2014-10-23,8.08,7.95,8.11,7.88,34276826.0,272902176.0
2014-10-24,7.97,7.91,8.06,7.9,29658436.0,236915792.0
2014-10-27,7.89,7.8,7.89,7.75,33395124.0,260864576.0
2014-10-28,7.83,8.04,8.05,7.82,45828124.0,362683104.0
2014-10-29,8.06,8.07,8.15,8.04,45244036.0,365547808.0
2014-10-30,8.1,8.23,8.24,8.01,76300684.0,621699520.0
2014-10-31,8.24,8.18,8.26,8.06,53037790.0,432189312.0
2014-11-03,8.15,8.22,8.28,8.06,58710218.0,479922624.0
2014-11-04,8.23,8.13,8.26,8.02,46931687.0,380344128.0
2014-11-05,8.12,7.98,8.12,7.97,45720361.0,366623392.0
2014-11-06,8.03,7.99,8.05,7.94,35477022.0,283351840.0
2014-11-07,7.99,8.1,8.11,7.95,58038577.0,464999328.0
2014-11-10,8.12,8.15,8.25,8.06,58171885.0,476406848.0
2014-11-11,8.19,8.05,8.22,7.99,52463331.0,423166912.0
2014-11-12,8.01,8.02,8.15,7.96,34048829.0,273052640.0
2014-11-13,8.01,7.8,8.01,7.61,69123868.0,534193440.0
2014-11-14,7.71,7.75,7.81,7.68,20342852.0,157463568.0
2014-11-17,7.7,7.84,7.91,7.68,28523808.0,223581920.0
2014-11-18,7.84,7.8,7.9,7.77,17671450.0,138248464.0
2014-11-19,7.79,7.72,7.88,7.68,19923267.0,155260368.0
2014-11-20,7.71,7.64,7.71,7.62,18903565.0,144366528.0
2014-11-21,7.66,7.73,7.74,7.64,18210062.0,140102192.0
2014-11-24,7.81,7.75,7.86,7.71,38296017.0,297222112.0
2014-11-25,7.77,7.95,7.96,7.76,41939489.0,330188160.0
2014-11-26,7.95,7.88,7.96,7.85,32821350.0,258939120.0
2014-11-27,7.91,8.05,8.1,7.87,67996816.0,543276416.0
2014-11-28,8.05,7.88,8.1,7.82,61011582.0,484650304.0
2014-12-01,7.89,8.36,8.39,7.82,107732187.0,878960640.0
2014-12-02,8.32,8.39,8.47,8.24,68284300.0,570354176.0
2014-12-03,8.39,8.83,8.92,8.38,104434287.0,909175680.0
2014-12-04,8.92,9.1,9.21,8.85,93473744.0,848059008.0
2014-12-05,9.24,9.05,9.24,8.6,98136352.0,876530816.0
2014-12-09,9.42,8.85,9.91,8.6,133183055.0,1253720832.0
2014-12-10,8.96,9.53,9.64,8.91,82473936.0,768669696.0
2014-12-11,9.56,9.8,10.09,9.39,84683985.0,824509632.0
2014-12-12,9.91,9.57,9.91,9.54,48946353.0,472170496.0
2014-12-15,9.58,9.76,9.85,9.53,50891740.0,493568128.0
2014-12-16,9.78,9.49,9.83,9.38,53566679.0,513081920.0
2014-12-17,9.49,9.44,9.58,9.1,55375290.0,514833472.0
2014-12-18,9.47,9.41,9.53,9.22,51644510.0,484763712.0
2014-12-19,9.41,9.19,9.43,9.11,43926854.0,404262304.0
2014-12-22,9.19,9.05,9.19,8.83,47059677.0,423886112.0
2014-12-23,9.0,9.0,9.27,8.97,41292711.0,374089824.0
2014-12-24,9.05,9.05,9.1,8.78,42229814.0,378369504.0
2014-12-25,9.08,9.18,9.27,8.97,39014313.0,357827136.0
2014-12-26,9.21,9.42,9.47,9.05,53924113.0,501706272.0
2014-12-29,9.45,9.24,9.58,9.21,50891661.0,479217504.0
2014-12-30,9.22,9.04,9.43,8.89,51856515.0,475168096.0
2014-12-31,8.98,9.12,9.24,8.94,46106675.0,418338720.0
2015-01-05,9.15,9.89,10.03,9.06,95430767.0,923695744.0
2015-01-06,9.78,10.57,10.68,9.7,99714056.0,1038732864.0
2015-01-07,10.52,10.5,10.71,10.19,64169522.0,671999168.0
2015-01-08,10.6,10.49,10.8,10.48,63171466.0,673889728.0
2015-01-09,10.44,10.75,11.06,10.42,85488737.0,932432256.0
2015-01-12,10.8,11.09,11.22,10.8,62931047.0,697350208.0
2015-01-13,11.22,11.31,11.46,10.95,71500775.0,802711296.0
2015-01-14,11.27,10.91,11.35,10.75,50383950.0,552140736.0
2015-01-15,10.89,10.73,10.96,10.65,43157336.0,464580480.0
2015-01-16,10.72,11.24,11.32,10.67,56665333.0,624765376.0
2015-01-19,10.93,11.11,11.82,10.77,83572362.0,948443648.0
2015-01-20,11.18,11.68,11.81,11.11,70718129.0,816785408.0
2015-01-21,11.68,11.82,12.09,11.46,67147423.0,793480256.0
2015-01-22,11.87,11.68,11.97,11.66,48035658.0,566386048.0
2015-01-23,11.8,11.22,11.82,11.13,65617883.0,746910656.0
2015-01-26,11.37,11.38,11.58,11.04,42290448.0,480121312.0
2015-01-27,11.63,11.74,11.77,11.28,67526928.0,780979136.0
2015-01-28,11.72,11.42,11.74,11.33,47585441.0,548347072.0
2015-01-29,11.22,11.18,11.37,11.1,36258714.0,406547744.0
2015-01-30,11.11,10.87,11.32,10.8,41231670.0,455238816.0
2015-02-02,10.69,11.21,11.28,10.68,42074082.0,466597184.0
2015-02-03,11.37,11.33,11.49,11.23,40465281.0,460062304.0
2015-02-04,11.39,11.34,11.54,11.26,32194293.0,366381664.0
2015-02-05,11.44,11.01,11.53,10.89,53312171.0,598338560.0
2015-02-06,10.96,10.81,11.1,10.6,35039465.0,379542208.0
2015-02-09,10.81,10.85,11.09,10.56,27668083.0,300472672.0
2015-02-10,10.93,11.68,11.68,10.76,66980109.0,761100160.0
2015-02-11,11.81,12.03,12.41,11.7,103220429.0,1254662912.0
2015-02-12,11.94,12.06,12.17,11.86,47700711.0,572926528.0
2015-02-13,12.19,12.03,12.27,11.83,50175914.0,601244480.0
2015-02-16,12.07,12.27,12.3,11.9,46266832.0,561214016.0
2015-02-17,12.33,12.06,12.34,12.06,34708987.0,421091488.0
2015-02-25,12.07,11.92,12.39,11.78,45288305.0,548830464.0
2015-02-26,11.92,12.01,12.07,11.76,28945110.0,343787424.0
2015-02-27,12.01,12.06,12.33,11.95,41453398.0,502704896.0
2015-03-03,11.01,11.15,11.73,10.85,271898216.0,3025729792.0
2015-03-04,11.04,11.31,11.37,11.01,112932235.0,1269950592.0
2015-03-05,11.28,11.1,11.28,10.91,99915485.0,1104013696.0
2015-03-06,11.11,10.93,11.14,10.93,50998449.0,560608128.0
2015-03-09,10.97,11.21,11.26,10.71,62833414.0,694585536.0
2015-03-10,11.19,11.56,11.8,11.08,92814800.0,1064026112.0
2015-03-11,11.52,11.35,11.52,11.25,57756735.0,656476032.0
2015-03-12,11.58,11.42,11.72,11.33,59552145.0,682813632.0
2015-03-13,11.53,11.52,11.68,11.41,66214848.0,763135488.0
2015-03-16,11.62,11.98,12.06,11.52,92506074.0,1101032192.0
2015-03-17,12.1,11.92,12.19,11.78,111107067.0,1321097344.0
2015-03-18,11.91,11.81,11.91,11.57,136104266.0,1595040768.0
2015-03-19,11.81,11.89,11.92,11.72,100663919.0,1192085760.0
2015-03-20,11.89,11.83,12.06,11.81,83554918.0,994800448.0
2015-03-23,11.87,12.17,12.17,11.79,139196204.0,1667926656.0
2015-03-24,12.17,11.91,12.18,11.74,122184621.0,1460581248.0
2015-03-25,11.92,11.97,12.13,11.77,110333937.0,1311233152.0
2015-03-26,11.96,11.69,11.96,11.67,80174484.0,944238144.0
2015-03-27,11.69,11.64,11.82,11.61,72910562.0,850979392.0
2015-03-30,11.66,11.7,11.82,11.65,96407140.0,1132018816.0
2015-03-31,11.72,12.52,12.84,11.7,210603349.0,2569345280.0
2015-04-01,12.48,12.74,12.79,12.35,145989046.0,1841599360.0
2015-04-02,12.75,13.12,13.54,12.75,126995313.0,1675366912.0
2015-04-03,13.13,13.12,13.33,12.84,104816029.0,1369513216.0
2015-04-07,13.17,13.05,13.69,13.05,155761202.0,2067268352.0
2015-04-08,13.05,12.92,13.15,12.48,141792225.0,1816211456.0
2015-04-09,12.93,12.65,12.93,12.4,105384169.0,1324286464.0
2015-04-10,12.65,13.07,13.21,12.52,98624735.0,1272129280.0
2015-04-13,13.17,13.05,13.39,12.97,119317422.0,1567781376.0
2015-04-14,13.21,12.8,13.36,12.8,97404711.0,1270218624.0
2015-04-15,12.76,12.28,12.76,12.25,95273223.0,1188284416.0
2015-04-16,12.25,12.71,12.82,11.99,88214877.0,1109653248.0
2015-04-17,12.86,12.59,13.07,12.54,102645653.0,1308066048.0
2015-04-20,12.52,12.21,12.52,12.13,97123213.0,1198598144.0
2015-04-21,12.36,12.95,12.97,12.36,101650678.0,1289336832.0
2015-04-22,13.23,13.52,13.62,13.13,139331091.0,1865661824.0
2015-04-23,13.53,13.78,14.14,13.26,143265396.0,1978006528.0
2015-04-24,13.6,13.46,13.75,13.15,111497574.0,1500715904.0
2015-04-27,13.52,13.5,14.13,13.39,104128186.0,1426686208.0
2015-04-28,13.71,13.17,13.98,12.99,107560160.0,1430738816.0
2015-04-29,13.16,13.3,13.5,13.05,72842363.0,972073728.0
2015-04-30,13.36,13.52,13.78,13.3,92523070.0,1255873152.0
2015-05-04,13.61,13.52,13.74,13.42,72751543.0,989844096.0
2015-05-05,13.45,12.85,13.46,12.79,77581943.0,1017847296.0
2015-05-06,13.0,12.95,13.41,12.88,72763273.0,957711040.0
2015-05-07,12.97,13.24,13.42,12.91,70356021.0,929136896.0
2015-05-08,13.43,14.15,14.2,13.34,123820865.0,1719335296.0
2015-05-11,14.13,14.45,14.58,13.92,126904155.0,1816612864.0
2015-05-12,14.35,14.59,14.87,14.18,125037166.0,1817984768.0
2015-05-13,14.59,14.73,15.23,14.31,115933842.0,1718774400.0
2015-05-14,15.06,14.26,15.06,14.24,89252521.0,1300853760.0
2015-05-15,14.27,14.4,14.64,14.04,77657614.0,1111078912.0
2015-05-18,14.36,14.82,15.01,14.28,87565767.0,1291841280.0
2015-05-19,15.63,16.3,16.3,15.07,128933800.0,2024567168.0
2015-05-20,16.76,16.93,17.9,16.43,147845216.0,2542543872.0
2015-05-21,17.54,18.62,18.62,17.3,115840319.0,2099198080.0
2015-05-22,19.82,19.31,20.49,18.79,225996811.0,4421510144.0
2015-05-25,19.31,21.24,21.24,18.93,263105635.0,5259049984.0
2015-05-26,21.47,21.6,23.32,20.44,286661268.0,6203240960.0
2015-05-27,23.12,20.73,23.13,20.65,338269903.0,7288139264.0
2015-05-28,21.06,18.66,21.21,18.66,329535149.0,6453740032.0
2015-05-29,18.29,18.73,19.4,16.94,232825791.0,4290757376.0
2015-06-01,18.78,19.38,19.65,18.46,175218965.0,3381958656.0
2015-06-02,19.4,19.5,19.77,19.0,164414406.0,3186020864.0
2015-06-03,19.61,18.75,19.73,18.45,146186883.0,2768232704.0
2015-06-04,18.76,18.33,18.79,16.95,156223973.0,2807269632.0
2015-06-05,18.49,18.93,19.4,18.49,146587390.0,2784990464.0
2015-06-08,19.0,18.82,19.19,18.0,132074453.0,2452277248.0
2015-06-09,18.62,18.56,19.15,18.41,109737640.0,2057062656.0
2015-06-10,18.41,19.29,19.72,18.17,168818262.0,3219969536.0
2015-06-11,19.24,19.5,19.68,19.08,142917361.0,2775504128.0
2015-06-12,19.66,19.59,20.31,19.57,159339965.0,3174524928.0
2015-06-15,19.53,18.29,19.53,18.25,153420874.0,2867563776.0
2015-06-16,17.78,17.34,18.16,17.14,119378902.0,2104528000.0
2015-06-17,17.2,17.94,18.17,17.18,93785149.0,1650082816.0
2015-06-18,17.67,17.28,18.11,17.22,82559345.0,1460055552.0
2015-06-19,17.18,16.03,17.18,15.95,104793104.0,1720872832.0
2015-06-23,16.1,17.63,17.63,15.67,175142364.0,2968522240.0
2015-06-24,18.22,18.27,18.58,17.77,148051393.0,2701891840.0
2015-06-25,18.17,18.05,18.9,17.76,142770214.0,2620233216.0
2015-06-26,17.6,16.76,17.96,16.25,154238732.0,2617834496.0
2015-06-29,17.5,16.84,17.63,15.11,202887066.0,3390004224.0
2015-06-30,16.52,18.5,18.53,15.9,228022562.0,3982679040.0
2015-07-01,18.29,17.67,19.16,17.14,194277984.0,3599433472.0
2015-07-02,17.55,17.26,18.12,16.52,153757508.0,2689953280.0
2015-07-03,16.93,15.82,17.76,15.54,175982142.0,2872764928.0
2015-07-06,17.33,14.82,17.33,14.27,233802052.0,3611109888.0
2015-07-07,14.25,13.73,14.54,13.42,252065831.0,3464477696.0
2015-07-08,12.51,13.38,13.99,12.36,301759742.0,3909242112.0
2015-09-09,12.47,13.73,14.71,12.47,176870740.0,2435960576.0
2015-09-10,13.42,13.08,13.6,12.65,80219220.0,1061289216.0
2015-09-11,13.01,13.57,13.6,12.88,65668187.0,881677696.0
2015-09-14,13.75,12.21,13.87,12.21,74684342.0,963114432.0
2015-09-15,11.91,11.76,12.18,11.57,72548282.0,860458688.0
2015-09-16,11.84,12.72,12.92,11.73,62259683.0,758738752.0
2015-09-17,12.42,12.81,13.58,12.39,96067882.0,1258880512.0
2015-09-18,13.14,13.17,13.35,13.0,52772300.0,695960896.0
2015-09-21,13.11,13.75,13.86,12.95,61816556.0,843084736.0
2015-09-22,13.79,13.57,13.82,13.44,44086424.0,601673536.0
2015-09-23,13.38,13.46,13.77,13.35,36818862.0,499254112.0
2015-09-24,13.62,13.47,13.78,13.38,38813681.0,528512288.0
2015-09-25,13.43,12.91,13.57,12.8,35680654.0,470853600.0
2015-09-28,13.05,13.06,13.09,12.76,25783085.0,334518336.0
2015-09-29,12.85,12.98,13.22,12.81,23246218.0,302285248.0
2015-09-30,13.12,13.45,13.56,13.02,34352440.0,458122368.0
2015-10-08,14.04,14.03,14.25,13.94,67231239.0,946568384.0
2015-10-09,13.96,14.0,14.05,13.88,26434616.0,369771168.0
2015-10-12,14.32,14.8,15.0,14.21,51916752.0,762436416.0
2015-10-13,14.7,14.85,14.99,14.64,32359650.0,480871744.0
2015-10-14,14.78,14.37,14.95,14.37,39914062.0,582413056.0
2015-10-15,14.45,14.82,14.82,14.33,43157104.0,633220736.0
2015-10-16,14.95,15.03,15.43,14.95,49276463.0,747111616.0
2015-10-19,15.2,14.54,15.28,14.43,62615525.0,923853632.0
2015-10-20,14.54,14.45,14.72,14.28,101604280.0,1463724032.0
2015-10-21,14.45,13.72,14.91,13.67,83877693.0,1203861504.0
2015-10-22,13.79,14.14,14.18,13.68,50205516.0,700820352.0
2015-10-23,14.19,14.1,14.28,13.7,75110019.0,1055802432.0
2015-10-26,14.36,14.04,14.36,13.87,71751483.0,1007987520.0
2015-10-27,14.03,13.99,14.04,13.64,62741846.0,867338048.0
2015-10-28,13.95,13.87,14.21,13.78,65873898.0,922485312.0
2015-10-29,13.83,13.85,13.96,13.66,45076255.0,622591360.0
2015-10-30,13.97,14.3,14.45,13.74,81019051.0,1152323072.0
2015-11-02,14.11,14.42,14.85,14.04,78679197.0,1146640512.0
2015-11-03,14.37,14.02,14.49,13.94,52080696.0,737613504.0
2015-11-04,14.09,14.6,14.61,14.04,76851036.0,1107282688.0
2015-11-05,14.61,14.63,14.99,14.35,92614500.0,1355497600.0
2015-11-06,15.0,14.85,15.01,14.7,72731095.0,1079245056.0
2015-11-09,14.68,15.11,15.4,14.67,97271009.0,1465734784.0
2015-11-10,15.03,14.91,15.49,14.8,83180422.0,1255170688.0
2015-11-11,14.91,14.85,15.08,14.7,65709916.0,976543680.0
2015-11-12,14.92,15.13,15.14,14.78,72881729.0,1091264512.0
2015-11-13,14.93,14.65,15.07,14.64,53603273.0,793691968.0
2015-11-16,15.27,15.4,15.89,15.08,175635948.0,2715065856.0
2015-11-17,15.42,15.03,15.49,14.99,108726440.0,1656932480.0
2015-11-18,15.03,14.68,15.14,14.66,55484908.0,822843840.0
2015-11-19,14.71,15.06,15.14,14.65,58960007.0,878398464.0
2015-11-20,15.11,14.9,15.11,14.83,49577615.0,741489472.0
2015-11-23,14.93,14.9,15.23,14.78,63525859.0,952201024.0
2015-11-24,14.91,14.82,14.95,14.68,38281873.0,565642432.0
2015-11-25,14.83,14.91,14.97,14.8,48255170.0,717931072.0
2015-11-26,14.94,14.8,15.03,14.79,49769136.0,741108608.0
2015-11-27,14.76,13.78,14.76,13.64,77587765.0,1107084032.0
2015-11-30,13.75,13.87,14.03,13.4,58379332.0,805343296.0
2015-12-01,13.92,13.95,13.98,13.69,31717369.0,439656672.0
2015-12-02,14.08,14.36,14.41,13.87,41970153.0,590781504.0
2015-12-03,14.36,14.33,14.44,14.18,30601418.0,438184256.0
2015-12-04,14.24,14.16,14.33,14.04,38524761.0,546648064.0
2015-12-07,14.19,14.43,14.59,14.1,42209632.0,607822656.0
2015-12-08,14.43,14.2,14.56,14.15,28189671.0,403829440.0
2015-12-09,14.12,13.89,14.18,13.83,35084824.0,489502752.0
2015-12-10,13.89,13.85,14.02,13.83,22483336.0,312627296.0
2015-12-11,13.87,13.83,13.99,13.82,18202539.0,252641504.0
2015-12-14,13.73,14.02,14.04,13.61,27136599.0,375869376.0
2015-12-15,14.06,14.07,14.16,13.95,24044596.0,337772096.0
2015-12-16,14.14,14.04,14.21,14.0,29667960.0,417449408.0
2015-12-17,14.12,14.31,14.36,14.11,42327739.0,603806208.0
2015-12-18,14.37,14.23,14.39,14.16,31216974.0,445332352.0
2015-12-21,14.24,14.85,15.02,14.17,95653766.0,1414272896.0
2015-12-22,14.87,14.83,15.07,14.74,43538596.0,647292160.0
2015-12-23,14.83,14.83,15.07,14.75,44974174.0,670818176.0
2015-12-24,14.82,14.54,14.82,14.35,37176591.0,539876800.0
2015-12-25,14.54,14.58,14.59,14.41,23362640.0,338728128.0
2015-12-28,14.64,14.3,14.78,14.3,36981358.0,538722752.0
2015-12-29,14.29,14.31,14.43,14.17,23690904.0,338767776.0
2015-12-30,14.37,14.43,14.57,14.3,35437470.0,510272576.0
2015-12-31,14.43,14.2,14.48,14.19,24621602.0,352484096.0
2016-01-04,14.25,12.9,14.28,12.86,34950759.0,478929952.0
2016-01-05,12.64,13.39,13.4,12.48,57370583.0,753167808.0
2016-01-06,13.38,13.43,13.58,13.22,27057168.0,361869440.0
2016-01-07,13.21,12.39,13.21,12.31,7534620.0,96348824.0
2016-01-08,12.81,12.78,13.02,12.26,42476194.0,540979840.0
2016-01-11,12.63,12.08,12.91,11.98,43688683.0,544075776.0
2016-01-12,12.26,11.95,12.31,11.9,39339916.0,475234400.0
2016-01-13,12.1,11.77,12.15,11.69,28592183.0,342647008.0
2016-01-14,11.56,12.12,12.13,11.44,43333979.0,510359232.0
2016-01-15,12.1,11.68,12.1,11.48,37918465.0,445312320.0
2016-01-18,11.44,11.67,11.82,11.4,30669681.0,357591008.0
2016-01-19,11.36,11.79,11.8,10.86,123673272.0,1408071936.0
2016-01-20,11.56,11.23,11.69,11.21,66987455.0,764926784.0
2016-01-21,11.05,10.74,11.21,10.74,55048920.0,605735552.0
2016-01-22,10.94,10.72,10.94,10.47,44232031.0,472057184.0
2016-01-25,10.82,10.87,10.98,10.76,31221364.0,339432768.0
2016-01-26,10.76,9.99,10.76,9.94,45502731.0,477506336.0
2016-01-27,10.16,10.32,10.45,9.8,56989527.0,576961984.0
2016-01-28,10.2,10.1,10.32,10.04,34287759.0,348695776.0
2016-01-29,10.1,10.96,11.09,10.1,64242234.0,686699435.68
2016-02-01,10.9,10.86,11.08,10.74,33283727.0,362724178.48
2016-02-02,10.91,11.17,11.31,10.82,32199433.0,360642719.05
2016-02-03,11.07,11.08,11.21,10.98,19765204.0,219062626.56
2016-02-04,11.11,11.22,11.42,11.11,28354978.0,320329757.59
2016-02-05,11.28,11.12,11.31,11.11,12374007.0,138665421.32
2016-02-15,10.68,11.18,11.22,10.68,20375655.0,223929370.47
2016-02-16,11.22,11.44,11.53,11.22,29496088.0,337252398.35
2016-02-17,11.36,11.45,11.47,11.26,24716527.0,281357818.22
2016-02-18,11.69,11.02,11.76,10.98,76899696.0,871264610.27
2016-02-19,10.93,10.84,10.98,10.74,57065898.0,618667163.51
2016-02-22,11.06,11.56,11.69,10.97,95055055.0,1077182052.44
2016-02-23,11.56,11.4,11.65,11.3,63156674.0,724953677.04
2016-02-24,11.8,11.93,12.38,11.79,89644251.0,1079661412.55
2016-02-25,11.98,11.36,11.98,11.12,71662702.0,833935926.9
2016-02-26,11.56,11.81,11.91,11.4,57777030.0,672040985.86
2016-02-29,11.67,11.46,11.67,11.19,47542256.0,540310346.59
2016-03-01,11.46,11.88,11.96,11.36,44201460.0,513478541.45
2016-03-02,12.05,12.3,12.33,11.88,60332383.0,732367997.55
2016-03-03,12.25,12.07,12.29,12.03,43886292.0,533954357.84
2016-03-04,12.08,12.38,12.49,12.04,75318901.0,925773114.09
2016-03-07,12.4,12.34,12.91,12.24,47528232.0,596778164.13
2016-03-08,12.35,12.24,12.36,11.78,33204463.0,401693772.51
2016-03-09,12.0,12.0,12.22,11.9,22489807.0,271691127.37
2016-03-10,12.01,11.84,12.21,11.82,19362249.0,232314596.34
2016-03-11,11.73,11.85,11.98,11.67,16992876.0,201486387.74
2016-03-14,12.01,12.15,12.35,11.99,26501143.0,323612111.83
2016-03-15,12.22,12.23,12.57,12.17,27896670.0,345496135.79
2016-03-16,12.27,12.06,12.35,12.01,23091409.0,281060432.62
2016-03-17,12.22,12.39,12.47,12.1,27957041.0,344341812.94
2016-03-18,12.48,12.76,12.87,12.47,49111754.0,625421268.32
2016-03-21,12.83,13.38,13.38,12.83,66210537.0,875530163.38
2016-03-22,13.3,13.12,13.31,13.05,36867733.0,485824265.61
2016-03-23,13.38,13.17,13.47,13.01,32479803.0,428111392.02
2016-03-24,13.01,12.82,13.04,12.75,33115631.0,426860710.26
2016-03-25,12.79,12.65,12.93,12.52,34332258.0,436309040.05
2016-03-28,12.74,12.63,13.03,12.5,31181444.0,398661804.86
2016-03-29,12.61,12.33,12.61,12.27,37180645.0,462247724.57
2016-03-30,12.47,12.84,12.87,12.46,38458021.0,485958064.56
2016-03-31,12.93,12.73,13.1,12.7,31471355.0,404937655.8
2016-04-01,12.73,12.59,12.84,12.54,21066850.0,266476481.19
2016-04-05,12.59,12.97,12.98,12.59,29717605.0,381550173.78
2016-04-06,12.84,12.95,12.99,12.78,24899638.0,321085016.5
2016-04-07,12.95,12.68,13.0,12.67,29909782.0,383252305.89
2016-04-08,12.6,12.66,12.77,12.51,28061681.0,354555764.39
2016-04-11,12.72,12.81,12.96,12.72,44733417.0,574401421.39
2016-04-12,12.83,12.55,12.86,12.55,30796373.0,389850896.93
2016-04-13,12.68,12.86,12.93,12.59,47650076.0,610919430.63
2016-04-14,12.96,12.88,12.99,12.77,26397171.0,339515252.77
2016-04-15,12.88,12.97,12.98,12.8,20466913.0,263771211.46
2016-04-18,12.89,12.76,12.89,12.67,23289146.0,296391118.9
2016-04-19,12.76,12.68,12.84,12.64,21998516.0,279445671.53
2016-04-20,12.73,12.48,12.77,12.1,53674846.0,668414536.86
2016-04-21,12.18,12.57,12.63,12.17,39585809.0,495291549.42
2016-04-22,12.57,12.87,12.93,12.5,27476277.0,351084475.53
2016-04-25,12.9,12.89,12.95,12.55,29090065.0,371539203.01
2016-04-26,12.81,12.76,12.93,12.62,15252670.0,194553826.45
2016-04-27,12.77,12.66,12.88,12.64,13012379.0,165327769.72
2016-04-28,12.67,12.53,12.69,12.39,19924878.0,249040591.04
2016-04-29,12.49,12.58,12.67,12.44,15374289.0,193504399.19
2016-05-03,12.59,12.96,13.09,12.59,34576457.0,447098122.26
2016-05-04,12.94,13.06,13.16,12.9,30157502.0,394972185.44
2016-05-05,13.02,13.27,13.32,13.02,28433070.0,375286884.16
2016-05-06,13.26,12.78,13.27,12.76,28427152.0,368089967.65
2016-05-09,12.72,12.59,12.76,12.48,18034060.0,226990239.18
2016-05-10,12.58,12.72,12.85,12.58,18018317.0,229273199.16
2016-05-11,12.78,12.88,13.07,12.78,26249321.0,339954146.06
2016-05-12,12.78,13.23,13.24,12.69,33044878.0,431437604.59
2016-05-13,13.21,13.11,13.28,13.02,26537448.0,347987746.44
2016-05-16,13.11,13.61,13.62,13.09,36657086.0,490061293.88
2016-05-17,13.63,13.52,13.71,13.47,32380498.0,440235600.07
2016-05-18,13.55,13.16,13.55,12.86,27683261.0,362180218.92
2016-05-19,13.05,13.03,13.29,12.99,14327541.0,188660520.45
2016-05-20,12.91,13.05,13.22,12.88,12080190.0,157915108.93
2016-05-23,13.14,13.12,13.22,13.05,15202963.0,199784976.01
2016-05-24,13.14,13.2,13.36,13.03,17848390.0,235893342.88
2016-05-25,13.29,13.12,13.45,13.11,20220659.0,269043204.11
2016-05-26,13.2,13.05,13.29,12.84,25538802.0,332015551.66
2016-05-27,13.03,12.98,13.19,12.95,19881458.0,259454134.52
2016-05-30,12.92,12.98,13.07,12.86,21779431.0,282709112.93
2016-05-31,12.98,13.37,13.41,12.92,40752371.0,540129145.63
2016-06-01,13.29,13.39,13.46,13.27,29992407.0,401291686.58
2016-06-02,13.39,13.27,13.41,13.11,25190298.0,333960939.58
2016-06-03,13.27,13.54,13.65,13.22,31455601.0,423013901.04
2016-06-06,13.53,13.41,13.59,13.35,28357897.0,381336786.23
2016-06-07,13.41,13.38,13.48,13.32,24107590.0,322786006.79
2016-06-08,13.38,13.3,13.42,13.27,26959533.0,359548151.29
2016-06-13,13.29,12.98,13.38,12.98,29745210.0,393485350.93
2016-06-14,13.0,13.17,13.22,12.98,20184750.0,264521768.0
2016-06-15,12.93,13.38,13.43,12.93,30210414.0,401379210.14
2016-06-16,13.3,13.22,13.38,13.17,17149677.0,227425823.63
2016-06-17,13.27,13.38,13.54,13.25,24498647.0,329327621.41
2016-06-20,13.38,13.52,13.62,13.22,22764919.0,306271039.74
2016-06-21,13.55,13.41,13.61,13.37,20286726.0,274358073.99
2016-06-22,13.4,13.5,13.53,13.32,12019259.0,161582720.59
2016-06-23,13.49,13.41,13.57,13.34,11177253.0,150241394.45
2016-06-24,13.36,13.3,13.58,13.0,26232289.0,350965063.02
2016-06-27,13.17,13.44,13.49,13.16,18684983.0,250464409.21
2016-06-28,13.42,13.45,13.5,13.33,17513680.0,234878300.14
2016-06-29,13.55,13.53,13.65,13.45,26016003.0,352565913.2
2016-06-30,13.53,13.59,13.74,13.49,23385878.0,318547804.84
2016-07-01,13.6,14.14,14.24,13.59,50735291.0,713485799.1
2016-07-04,14.11,14.98,15.2,13.97,72229935.0,1066730242.58
2016-07-05,14.98,14.8,14.98,14.76,35878550.0,532547760.35
2016-07-06,14.81,15.26,15.45,14.62,57771923.0,879173881.99
2016-07-07,15.2,15.09,15.27,15.01,26074092.0,393932340.42
2016-07-08,15.23,15.14,15.24,15.0,20705733.0,313142018.05
2016-07-11,15.3,14.83,15.3,14.78,32351627.0,488630323.33
2016-07-12,14.87,15.16,15.23,14.83,28047895.0,422383092.99
2016-07-13,15.38,15.19,15.38,15.11,23479723.0,357879790.25
2016-07-14,15.19,15.3,15.33,15.08,17565348.0,267046024.38
2016-07-15,15.39,15.97,16.02,15.39,49955388.0,789874660.16
2016-07-18,15.96,15.74,16.02,15.59,33099093.0,522465636.0
2016-07-19,15.73,15.45,15.93,15.32,34299762.0,533479818.6
2016-07-20,15.5,15.49,15.71,15.39,18379134.0,286026240.94
2016-07-21,15.52,15.92,16.12,15.52,35755944.0,568541082.03
2016-07-22,15.96,15.7,15.97,15.58,26268838.0,413028968.73
2016-07-25,15.56,15.59,15.82,15.53,24195637.0,378574849.08
2016-07-26,15.63,16.12,16.13,15.63,34544579.0,551795033.57
2016-07-27,16.14,16.03,16.83,15.66,76033276.0,1240871483.88
2016-07-28,16.14,16.56,16.62,16.04,46115338.0,758074756.19
2016-07-29,16.45,16.37,16.63,16.14,27824292.0,455284220.03
2016-08-01,16.36,15.8,16.36,15.71,35544320.0,566749006.07
2016-08-02,15.68,15.71,15.97,15.55,21520415.0,337739754.76
2016-08-03,15.71,16.15,16.18,15.66,26758483.0,428439398.58
2016-08-04,16.15,16.15,16.25,15.86,14390061.0,230960493.71
2016-08-05,16.13,15.97,16.33,15.95,19596891.0,314911347.44
2016-08-08,15.97,16.09,16.14,15.65,14634756.0,233672792.73
2016-08-09,16.07,16.24,16.35,15.98,14412411.0,234159494.66
2016-08-10,16.24,15.98,16.36,15.96,16970224.0,272933222.91
2016-08-11,16.0,15.91,16.23,15.88,15596119.0,250782820.24
2016-08-12,16.01,16.21,16.21,15.89,18326273.0,294407630.05
2016-08-15,16.35,16.49,16.72,16.16,32358622.0,535002503.71
2016-08-16,16.64,16.4,16.81,16.35,26084954.0,432066689.45
2016-08-17,16.62,16.78,17.09,16.51,38721377.0,652357655.49
2016-08-18,16.88,16.55,16.97,16.4,29352356.0,489329545.92
2016-08-19,16.52,16.4,16.55,16.33,19039825.0,312437270.42
2016-08-22,16.4,16.17,16.59,16.15,18255079.0,298347898.43
2016-08-23,16.11,16.4,16.53,16.11,16769553.0,274775096.96
2016-08-24,16.4,16.59,16.63,16.28,22228697.0,366796752.2
2016-08-25,16.59,16.56,16.59,16.31,15939405.0,261856966.05
2016-08-26,16.62,16.46,16.69,16.4,11527845.0,190736508.95
2016-08-29,16.47,16.34,16.52,16.28,14055471.0,229727676.38
2016-08-30,16.37,15.81,16.39,15.76,32186158.0,515750008.5
2016-08-31,15.77,15.88,15.93,15.73,15675258.0,247960818.42
2016-09-01,15.9,15.81,16.07,15.81,10998303.0,175108825.41
2016-09-02,15.75,15.4,15.8,15.33,27406829.0,424717125.49
2016-09-05,15.52,15.63,15.67,15.4,13914582.0,216521795.0
2016-09-06,15.63,16.06,16.13,15.52,23784178.0,378688051.56
2016-09-07,16.06,16.02,16.14,15.86,16824690.0,268230536.32
2016-09-08,15.97,15.89,15.99,15.85,9235618.0,146926389.12
2016-09-09,15.89,15.56,15.89,15.52,16055724.0,251536435.88
2016-09-12,15.21,15.2,15.52,15.12,17906694.0,273716994.61
2016-09-13,15.24,15.28,15.45,15.24,8786654.0,134618398.04
2016-09-14,15.28,15.65,15.67,15.21,16946315.0,262914472.49
2016-09-19,15.64,15.73,15.99,15.61,17913319.0,283477131.1
2016-09-20,15.76,15.61,15.76,15.52,9956078.0,155077657.67
2016-09-21,15.62,15.55,15.64,15.52,6384350.0,99358581.51
2016-09-22,15.6,15.64,15.8,15.59,13205788.0,206910807.2
2016-09-23,15.64,15.53,15.64,15.45,10070587.0,156577764.81
2016-09-26,15.5,15.2,15.5,15.14,12746140.0,194275890.14
2016-09-27,15.17,15.26,15.31,15.0,12543690.0,190161383.12
2016-09-28,15.33,15.14,15.35,15.11,8115729.0,123779086.83
2016-09-29,15.22,15.34,15.38,15.17,9837111.0,150607387.56
2016-09-30,15.37,15.5,15.75,15.34,13338221.0,207878993.4
2016-10-10,15.5,15.07,15.68,14.93,43798243.0,661523949.39
2016-10-11,14.95,15.14,15.18,14.95,20802868.0,314010723.45
2016-10-12,15.17,15.83,15.83,15.14,39854126.0,621479416.38
2016-10-13,15.91,15.92,16.14,15.81,37506141.0,600195005.31
2016-10-14,15.96,15.93,16.12,15.86,16889352.0,269689133.95
2016-10-17,15.93,15.64,16.01,15.57,16822056.0,266127706.21
2016-10-18,15.69,15.77,15.8,15.61,12592577.0,198059526.06
2016-10-19,15.9,15.83,16.11,15.77,22801131.0,364285589.56
2016-10-20,16.02,15.97,16.1,15.83,18450597.0,295264154.77
2016-10-21,16.02,16.04,16.12,15.87,12366365.0,198019496.29
2016-10-24,16.02,15.95,16.19,15.83,24649854.0,393030158.92
2016-10-25,15.9,15.71,15.99,15.61,29455555.0,463680975.5
2016-10-26,15.66,15.73,15.85,15.6,21692195.0,340295367.96
2016-10-27,15.76,15.73,15.76,15.63,10910613.0,171102919.78
2016-10-28,15.68,15.78,15.8,15.68,13557672.0,213546195.74
2016-10-31,15.78,15.54,15.78,15.47,17486621.0,271794316.18
2016-11-01,15.54,15.66,15.69,15.54,9494704.0,148370807.64
2016-11-02,15.71,15.52,15.74,15.5,15701384.0,244799467.28
2016-11-03,15.53,15.55,15.57,15.43,12747628.0,197632467.37
2016-11-04,15.55,15.48,15.72,15.45,18725898.0,291378705.9
2016-11-07,15.46,15.32,15.51,15.31,17431185.0,268131913.1
2016-11-08,15.42,15.52,15.52,15.31,17042075.0,262458933.21
2016-11-09,15.51,15.21,15.52,15.0,24391201.0,371754807.31
2016-11-10,15.38,15.37,15.52,15.2,27208791.0,417415527.14
2016-11-11,15.42,15.27,15.42,15.2,16321596.0,248950181.44
2016-11-14,15.27,15.33,15.41,15.25,19096744.0,292008547.34
2016-11-15,15.38,15.42,15.42,15.28,18707776.0,287357933.63
2016-11-16,15.42,15.56,15.64,15.42,26761892.0,416639588.88
2016-11-17,15.55,15.43,15.56,15.26,13752541.0,212000798.47
2016-11-18,15.4,15.43,15.48,15.37,9696834.0,149665762.67
2016-11-21,15.48,15.43,15.55,15.36,17170473.0,265485210.49
2016-11-22,15.5,15.33,15.5,15.3,17529306.0,268820710.69
2016-11-23,15.39,15.41,15.45,15.24,25918097.0,397974564.13
2016-11-24,15.4,15.41,15.55,15.26,19921094.0,307319403.21
2016-11-25,15.31,15.59,15.61,15.31,25752316.0,398934208.46
2016-11-28,15.8,15.82,16.01,15.68,42733232.0,676852393.04
2016-11-29,15.77,16.06,16.39,15.71,57574433.0,927631658.94
2016-11-30,16.05,15.83,16.3,15.8,37027841.0,592683768.37
2016-12-01,16.01,16.09,16.15,15.76,32884032.0,523743581.69
2016-12-02,16.09,15.94,16.12,15.85,20641797.0,329354175.88
2016-12-05,15.95,16.1,16.2,15.87,33270136.0,533993549.96
2016-12-06,16.18,16.12,16.43,16.08,35528377.0,578212097.97
2016-12-07,16.11,15.95,16.23,15.83,28471070.0,454962942.56
2016-12-08,15.93,15.77,16.04,15.69,25215450.0,400105241.09
2016-12-09,15.8,15.93,16.02,15.8,22540303.0,359042757.37
2016-12-12,15.92,15.28,15.98,15.21,37500201.0,578760828.55
2016-12-13,15.36,15.29,15.43,15.14,35686483.0,546197361.46
2016-12-14,15.31,15.15,15.34,15.12,16207899.0,246376643.31
2016-12-15,15.14,15.18,15.25,14.96,14451975.0,218583009.69
2016-12-16,14.95,15.07,15.23,14.95,21588388.0,325920955.44
2016-12-19,15.04,14.81,15.1,14.72,15451443.0,229731230.26
2016-12-20,14.8,14.65,14.8,14.57,13114831.0,192213554.82
2016-12-21,14.64,14.67,14.85,14.62,14942118.0,219856353.97
2016-12-22,14.67,14.51,14.74,14.49,15817305.0,230734573.86
2016-12-23,14.57,14.73,14.92,14.32,30087355.0,441796222.65
2016-12-26,14.71,14.55,14.71,14.38,15060265.0,218208423.09
2016-12-27,14.89,14.69,14.95,14.66,20641661.0,305687507.46
2016-12-28,14.85,15.0,15.18,14.83,32349041.0,487631833.31
2016-12-29,14.98,15.07,15.16,14.93,15421283.0,232544062.38
2016-12-30,15.18,15.08,15.24,15.07,10782831.0,163086831.86
