,open,close,high,low,volume,money
2015-05-18,2.29,2.49,2.49,2.29,25732.0,63372.0
2015-05-19,2.74,2.74,2.74,2.74,18380.0,50385.0
2015-05-20,3.02,3.02,3.02,3.02,14704.0,44340.0
2015-05-21,3.32,3.32,3.32,3.32,30633.0,101625.0
2015-05-22,3.65,3.65,3.65,3.65,22056.0,80496.0
2015-05-25,4.01,4.01,4.01,4.01,34309.0,137732.0
2015-05-26,4.42,4.42,4.42,4.42,20830.0,91987.0
2015-05-27,4.86,4.86,4.86,4.86,71068.0,345216.0
2015-05-28,5.34,5.34,5.34,5.34,82096.0,438649.0
2015-05-29,5.88,5.88,5.88,5.88,177671.0,1044290.0
2015-06-01,6.47,6.47,6.47,6.47,37985.0,245582.0
2015-06-02,7.11,7.11,7.11,7.11,123757.0,880114.0
2015-06-03,7.82,7.82,7.82,7.82,462790.0,3620159.0
2015-06-04,8.61,8.61,8.61,8.61,719261.0,6189328.0
2015-06-05,9.47,9.47,9.47,9.47,465008.0,4401441.0
2015-06-08,10.41,10.41,10.41,10.41,1848391.0,19245444.0
2015-06-09,10.45,11.45,11.45,9.88,107814458.0,1189375744.0
2015-06-10,12.6,12.6,12.6,12.6,3767384.0,47462908.0
2015-06-11,13.86,13.86,13.86,13.86,323484.0,4482984.0
2015-06-12,15.24,15.24,15.24,14.86,52653411.0,802509568.0
2015-06-15,13.88,13.72,15.01,13.72,46639139.0,658915328.0
2015-06-16,13.47,13.55,15.09,13.22,71728654.0,1003782144.0
2015-06-17,13.31,14.44,14.84,13.3,52118548.0,738882112.0
2015-06-18,13.91,12.99,14.04,12.99,50470264.0,669543936.0
2015-06-19,12.32,11.84,13.29,11.83,33192671.0,419982368.0
2015-06-23,12.2,13.02,13.02,12.16,42011889.0,541509376.0
2015-06-24,13.38,12.04,13.45,11.72,60439896.0,743369472.0
2015-06-25,11.83,11.59,12.41,11.54,30939950.0,370004064.0
2015-06-26,11.43,10.43,11.75,10.43,22807240.0,247191936.0
2015-06-29,9.87,10.77,11.26,9.39,50937244.0,532237888.0
2015-06-30,10.61,11.85,11.85,10.2,33245666.0,370164960.0
2015-07-01,11.45,11.67,13.03,11.44,33482152.0,408433152.0
2015-07-02,11.31,10.5,11.43,10.5,23180753.0,249364000.0
2015-07-03,9.47,9.45,10.98,9.45,31087380.0,302755584.0
2015-07-06,10.4,8.51,10.4,8.51,35127164.0,332507456.0
2015-07-07,7.83,7.66,8.0,7.66,9340591.0,71844696.0
2015-07-08,6.89,6.89,8.16,6.89,47389928.0,332484864.0
2015-07-09,7.18,7.58,7.58,7.06,30804540.0,229595152.0
2015-07-10,8.34,8.34,8.34,8.34,1261586.0,10521482.0
2015-07-13,9.17,9.17,9.17,9.17,712387.0,6535405.0
2015-07-14,10.09,10.09,10.09,9.79,37309895.0,375681696.0
2015-07-15,9.71,9.08,9.96,9.08,32122736.0,298002176.0
2015-07-16,8.57,9.37,9.96,8.34,25209560.0,234001424.0
2015-07-17,9.55,10.0,10.13,9.55,24062553.0,238616112.0
2015-07-20,9.89,10.04,10.36,9.72,21892590.0,219829792.0
2015-07-21,9.8,11.05,11.05,9.63,26409084.0,278915936.0
2015-07-22,11.29,12.15,12.15,11.05,45789627.0,536606944.0
2015-07-23,13.37,13.37,13.37,12.9,29209692.0,388358688.0
2015-07-24,13.89,13.95,14.71,13.89,39375620.0,569801472.0
2015-07-27,13.14,13.22,15.0,13.06,38319250.0,533044352.0
2015-07-28,12.4,14.17,14.54,12.07,34994266.0,474473376.0
2015-07-29,14.32,13.72,14.56,12.75,42742558.0,567727936.0
2015-07-30,13.29,12.43,13.59,12.37,24456835.0,321005952.0
2015-07-31,12.51,12.16,13.34,11.76,26368219.0,332453600.0
2015-08-03,11.59,10.94,11.81,10.94,23946478.0,266742224.0
2015-08-04,11.1,12.04,12.04,10.94,26211146.0,299880928.0
2015-08-05,12.24,12.59,13.24,12.05,35203036.0,451054432.0
2015-08-06,12.24,13.85,13.85,11.44,31604268.0,426461632.0
2015-08-07,14.4,13.83,14.68,13.34,30855538.0,425891936.0
2015-08-10,13.62,14.5,15.14,13.62,26568693.0,383736448.0
2015-08-11,14.39,15.75,15.95,14.38,27786291.0,428228704.0
2015-08-12,15.34,14.2,15.67,14.18,35985401.0,529279360.0
2015-08-13,13.86,14.88,14.93,13.68,23533363.0,336662816.0
2015-08-14,14.87,15.34,15.91,14.77,24201173.0,374785056.0
2015-08-17,15.22,14.36,15.48,14.28,14685460.0,216356112.0
2015-08-18,14.28,12.93,14.82,12.93,20782931.0,286545632.0
2015-08-19,12.49,13.79,13.83,12.12,27350617.0,356843360.0
2015-08-20,13.39,12.54,13.58,12.53,17508235.0,229406704.0
2015-08-21,12.17,11.75,12.4,11.55,21292295.0,253970016.0
2015-08-24,11.1,10.58,11.26,10.58,20614070.0,222985904.0
2015-08-25,9.64,10.12,11.16,9.52,36853182.0,376592640.0
2015-08-26,10.24,10.85,11.14,10.08,35021799.0,376277920.0
2015-08-27,10.98,11.22,11.51,10.45,26592636.0,294126368.0
2015-08-28,11.56,11.6,11.72,10.83,24178088.0,271227456.0
2015-08-31,11.26,10.69,11.49,10.58,15917896.0,176694864.0
2015-09-01,10.36,9.62,10.37,9.62,16134875.0,161072368.0
2015-09-02,8.9,9.4,10.57,8.73,18667678.0,179372688.0
2015-09-07,9.79,9.68,10.34,9.07,32572072.0,321637184.0
2015-09-08,9.39,10.37,10.61,9.35,23486531.0,236216032.0
2015-09-09,10.61,11.41,11.41,10.57,32188131.0,362582400.0
2015-09-10,11.44,11.56,12.23,11.25,26563555.0,310454272.0
2015-09-11,11.29,11.33,11.65,11.03,16855081.0,189888144.0
2015-09-14,11.38,10.2,11.5,10.2,13684734.0,145652672.0
2015-09-15,9.48,9.18,9.87,9.18,15804282.0,147956544.0
2015-09-16,9.32,10.1,10.1,9.09,22628544.0,219114768.0
2015-09-17,10.22,9.74,10.75,9.71,28190559.0,289318368.0
2015-09-18,9.74,10.19,10.61,9.74,15870876.0,160677408.0
2015-09-21,10.02,11.21,11.21,9.88,25595151.0,279171360.0
2015-09-22,11.75,11.81,12.29,11.7,36819965.0,438607936.0
2015-09-23,11.51,12.21,12.76,11.41,24893081.0,303171360.0
2015-09-24,12.13,11.79,12.58,11.66,21227028.0,256171392.0
2015-09-25,11.76,11.05,12.08,10.98,13285115.0,151905984.0
2015-09-28,11.11,12.15,12.15,10.94,21539909.0,254838432.0
2015-09-29,11.79,12.32,12.73,11.79,22693205.0,280250752.0
2015-09-30,12.66,12.7,13.08,12.55,19038476.0,243680688.0
2015-10-08,13.44,13.04,13.96,12.95,19350525.0,260447520.0
2015-10-09,12.78,13.57,13.64,12.78,16024674.0,211217328.0
2015-10-12,13.58,13.88,14.7,13.58,24194466.0,343739200.0
2015-10-13,13.57,13.62,13.8,13.24,19380347.0,262496768.0
2015-10-14,13.89,13.31,14.2,13.19,18674931.0,253911760.0
2015-10-15,13.11,14.65,14.65,13.11,24331876.0,342574400.0
2015-10-16,15.32,14.27,15.61,14.22,37463627.0,550919424.0
2015-10-19,14.28,14.73,15.04,13.9,34017605.0,490866656.0
2015-10-20,14.59,15.72,16.18,14.39,34173819.0,519753984.0
2015-10-21,15.53,14.88,16.51,14.31,42391156.0,654509120.0
2015-10-22,15.04,15.48,15.53,14.47,29387326.0,443651360.0
2015-10-23,15.53,15.28,15.8,14.7,30224769.0,459454048.0
2015-10-26,15.37,15.77,16.18,14.79,28603845.0,447694112.0
2015-10-27,15.35,15.42,15.54,14.71,22596202.0,341494208.0
2015-10-28,15.49,14.78,15.85,14.71,22173886.0,335040352.0
2015-10-29,15.19,14.72,15.19,14.17,19237151.0,281124000.0
2015-10-30,14.55,14.54,14.88,13.98,15567887.0,225146384.0
2015-11-02,14.07,14.88,15.69,14.07,23399271.0,352660448.0
2015-11-03,14.71,14.53,15.04,14.35,17758335.0,260748320.0
2015-11-04,14.72,15.64,15.7,14.72,24014810.0,366407040.0
2015-11-05,15.7,15.74,17.16,15.65,31111224.0,503858400.0
2015-11-06,15.53,16.76,17.04,15.53,28657483.0,470642592.0
2015-11-09,16.43,18.17,18.43,16.34,35366824.0,628132672.0
2015-11-10,17.65,18.39,18.94,17.41,28261411.0,508545952.0
2015-11-11,18.75,18.8,19.13,17.82,25582372.0,472771648.0
2015-11-12,19.16,18.55,19.42,18.04,22192031.0,413347264.0
2015-11-13,17.98,16.83,18.14,16.76,29686492.0,517848960.0
2015-11-16,16.35,17.17,17.39,16.17,14233882.0,242145280.0
2015-11-17,17.55,16.57,17.95,16.44,17254309.0,294876512.0
2015-11-18,16.59,15.85,16.65,15.61,18244620.0,292971712.0
2015-11-19,15.99,16.84,16.96,15.8,17474762.0,284848544.0
2015-11-20,16.67,16.33,16.83,16.03,18157178.0,297147776.0
2015-11-23,16.05,16.05,16.8,15.86,14708269.0,238620288.0
2015-11-24,16.05,16.67,16.75,16.02,17625893.0,288580672.0
2015-11-25,16.49,17.05,17.36,16.18,20223247.0,339306080.0
2015-11-26,17.14,16.11,17.33,16.11,19990027.0,331350208.0
2015-11-27,15.95,14.71,15.95,14.5,22634674.0,346423040.0
2015-11-30,14.71,15.27,15.45,14.17,17449595.0,260300624.0
2015-12-01,15.2,15.43,15.59,15.04,16521401.0,252591760.0
2015-12-02,15.28,14.71,15.28,13.89,12857752.0,187365776.0
2015-12-03,14.67,15.12,15.27,14.67,9095607.0,136855616.0
2015-12-04,15.01,14.79,15.15,14.5,14824285.0,219899552.0
2015-12-07,14.81,15.09,15.32,14.47,13684324.0,205263472.0
2015-12-08,15.04,14.73,15.04,14.55,11651962.0,172205584.0
2015-12-09,15.04,15.52,16.21,14.99,35512816.0,560837888.0
2015-12-10,15.1,14.79,15.2,14.41,23893068.0,353091808.0
2015-12-11,14.8,13.98,14.87,13.98,16409165.0,234541552.0
2015-12-14,13.65,14.22,14.3,13.51,11294204.0,158002240.0
2015-12-15,14.37,15.04,15.22,14.35,20463233.0,304246048.0
2015-12-16,15.11,15.07,15.4,14.86,15439323.0,234102176.0
2015-12-17,15.41,16.58,16.58,15.41,38894122.0,629876160.0
2015-12-18,16.36,16.6,17.24,16.35,29566836.0,497493472.0
2015-12-21,16.85,17.86,18.14,16.85,26465664.0,465638208.0
2015-12-22,17.72,18.18,18.6,17.29,19739562.0,351378368.0
2015-12-23,17.98,17.8,18.06,17.37,13197409.0,232971296.0
2015-12-24,17.49,17.15,17.74,16.6,11320179.0,194053936.0
2015-12-25,17.31,17.32,17.95,17.18,9474660.0,166513872.0
2015-12-28,17.35,16.88,18.11,16.84,14588019.0,255388016.0
2015-12-29,16.85,16.77,17.19,16.22,16089151.0,266151712.0
2015-12-30,16.83,17.34,17.76,16.71,11498984.0,199567360.0
2015-12-31,17.46,16.25,17.47,16.18,14587376.0,241688240.0
2016-01-04,16.67,15.48,16.89,15.43,13603972.0,222759024.0
2016-01-05,14.87,16.05,16.35,14.87,17823920.0,278152736.0
2016-01-06,16.1,16.06,16.17,15.29,16094693.0,253431616.0
2016-01-07,15.37,14.46,15.5,14.46,5714883.0,84354576.0
2016-01-08,14.63,14.63,15.02,13.73,12306910.0,180160464.0
2016-01-11,14.3,13.17,14.86,13.17,13201233.0,184774544.0
2016-01-12,13.13,12.82,13.47,12.26,15613388.0,201012464.0
2016-01-13,13.08,12.97,13.57,12.34,14813990.0,194279024.0
2016-01-14,12.42,13.85,13.91,12.26,13261532.0,176221184.0
2016-01-15,13.73,12.98,13.89,12.95,10724881.0,143627024.0
2016-01-18,12.46,13.44,13.73,12.46,11129560.0,148250784.0
2016-01-19,13.44,13.9,14.05,13.26,8409968.0,115080568.0
2016-01-20,13.77,13.67,14.3,13.57,8478337.0,117967416.0
2016-01-21,13.32,12.3,13.83,12.3,13810551.0,180294000.0
2016-01-22,12.55,12.54,12.67,12.1,9960058.0,123636200.0
2016-01-25,12.65,12.42,12.87,12.34,7986693.0,100577792.0
2016-01-26,12.2,11.18,12.2,11.18,14121230.0,162426192.0
2016-01-27,12.3,12.3,12.3,12.1,43675145.0,536913536.0
2016-01-28,12.1,12.66,13.44,11.7,42551647.0,529963872.0
2016-01-29,12.35,13.36,13.93,12.2,28256242.0,370459477.99
2016-02-01,13.24,12.81,13.31,12.53,24622599.0,318333085.2
2016-02-02,13.0,13.27,13.57,12.89,19078478.0,253038669.37
2016-02-03,13.01,13.89,14.06,13.0,26914119.0,366525550.11
2016-02-04,13.88,14.45,14.61,13.76,25529328.0,360130846.1
2016-02-05,14.39,14.32,14.67,14.09,17246002.0,247024698.53
2016-02-15,13.89,15.75,15.75,13.89,22261170.0,333002925.27
2016-02-16,15.78,16.5,16.8,15.6,23384730.0,376899457.86
2016-02-17,17.16,18.15,18.15,16.84,42893237.0,767374942.88
2016-02-18,19.24,19.96,19.96,18.64,49486188.0,957812843.83
2016-02-19,19.55,19.08,20.16,19.01,49251598.0,958480000.22
2016-02-22,19.15,19.94,20.71,18.78,48722368.0,949029461.23
2016-02-23,19.65,18.94,19.91,18.31,40523126.0,776944430.25
2016-02-24,18.83,18.67,19.21,18.13,33855151.0,628169002.69
2016-02-25,18.96,16.93,19.12,16.8,48753647.0,874222796.98
2016-02-26,16.93,17.07,17.75,16.76,39973691.0,692607076.17
2016-02-29,16.64,16.62,17.19,15.63,41079076.0,674521493.81
2016-03-01,16.64,17.65,17.82,15.79,44614516.0,748994834.61
2016-03-02,17.49,18.9,19.42,17.27,48424212.0,888429355.64
2016-03-03,18.8,18.78,19.44,18.42,34131052.0,645458462.58
2016-03-04,18.68,19.08,19.93,17.82,49925485.0,952097697.88
2016-03-07,19.13,19.42,19.98,18.9,42081750.0,818012606.65
2016-03-08,18.86,18.28,18.96,17.48,45959802.0,821348819.08
2016-03-09,17.8,17.7,18.79,17.51,27259680.0,496212916.2
2016-03-10,17.33,18.14,18.9,17.25,36282851.0,656527354.65
2016-03-11,18.06,18.63,19.17,17.98,33404457.0,619604142.72
2016-07-20,20.48,20.48,20.48,20.48,6150916.0,125996239.56
2016-07-21,21.18,21.56,22.53,20.94,88402310.0,1929951200.85
2016-07-22,21.28,23.02,23.42,21.24,67079642.0,1507471555.77
2016-07-25,22.16,20.72,22.31,20.72,46300133.0,973305157.47
2016-07-26,20.14,19.93,20.68,19.5,38526842.0,770249836.56
2016-07-27,19.91,19.7,20.4,18.27,41364487.0,814172173.92
2016-07-28,19.5,18.64,19.63,18.26,28395855.0,535247859.03
2016-07-29,18.66,17.73,18.67,17.69,27637166.0,495802117.62
2016-08-01,17.4,16.82,17.53,16.6,22388471.0,379407367.93
2016-08-02,16.95,17.26,17.61,16.95,22011566.0,380619578.16
2016-08-03,17.14,17.29,17.47,16.8,19531513.0,334665715.77
2016-08-04,17.19,17.76,18.19,16.94,27515694.0,486440910.2
2016-08-05,17.68,17.07,17.68,16.99,20930404.0,363060334.63
2016-08-08,16.78,16.99,16.99,16.67,11396387.0,192193859.38
2016-08-09,17.12,17.39,17.86,17.12,21582153.0,378038055.81
2016-08-10,17.8,18.3,18.55,17.53,32701097.0,589768056.71
2016-08-11,18.1,17.61,18.1,17.57,22549354.0,400350149.91
2016-08-12,17.15,16.98,17.19,16.69,26161955.0,443503670.98
2016-08-15,16.87,17.4,17.6,16.65,25141840.0,432255052.68
2016-08-16,17.23,17.46,17.97,17.09,34220295.0,600673835.15
2016-08-17,17.26,17.05,17.34,16.82,34474631.0,587135849.93
2016-08-18,17.07,16.94,17.21,16.8,19914945.0,337287074.24
2016-08-19,16.84,16.94,17.12,16.81,15189477.0,257734639.38
2016-08-22,17.04,16.33,17.04,16.32,22787514.0,378334966.7
2016-08-23,16.35,16.47,16.56,16.33,8856509.0,145553239.17
2016-08-24,16.55,16.41,16.72,16.38,12353172.0,203671169.43
2016-08-25,16.27,15.87,16.37,15.69,21666549.0,343620258.21
2016-08-26,15.96,15.81,16.05,15.79,11627863.0,184895675.37
2016-08-29,15.76,15.94,16.04,15.71,9514629.0,151466775.24
2016-08-30,15.98,16.01,16.17,15.95,8748923.0,140341983.54
2016-08-31,16.03,15.81,16.08,15.68,10285499.0,162583664.11
2016-09-01,15.72,15.7,15.91,15.7,9129315.0,144213545.72
2016-09-02,15.71,15.29,15.73,15.21,13886229.0,214160240.7
2016-09-05,15.29,15.04,15.41,15.0,11740796.0,178577015.46
2016-09-06,15.1,16.27,16.46,14.96,30139555.0,475320062.6
2016-09-07,16.15,15.85,16.23,15.82,18769573.0,299636160.44
2016-09-08,15.76,15.93,16.25,15.76,14301513.0,229630167.22
2016-09-09,15.95,15.47,16.05,15.44,11808276.0,185263474.14
2016-09-12,14.94,14.73,15.21,14.72,13290014.0,198069617.48
2016-09-13,14.87,14.57,14.89,14.49,10366360.0,151814644.15
2016-09-14,14.53,14.89,15.21,14.46,16171913.0,241226219.26
2016-09-19,14.89,14.98,15.05,14.85,7426109.0,110816229.41
2016-09-20,14.95,15.07,15.09,14.84,6977312.0,104311834.71
2016-09-21,15.12,15.05,15.21,14.97,7448235.0,112537671.37
2016-09-22,15.2,15.35,15.61,15.19,12996485.0,200684805.5
2016-09-23,15.26,15.05,15.37,15.01,8585023.0,129871790.74
2016-09-26,15.05,14.83,15.17,14.73,8970568.0,133222765.15
2016-09-27,14.78,15.03,15.22,14.78,7306454.0,109724702.86
2016-09-28,15.13,15.02,15.17,14.97,5780527.0,86995971.56
2016-09-29,15.12,15.01,15.22,15.0,5632748.0,84985488.76
2016-09-30,15.05,15.08,15.09,14.92,4887482.0,73493071.75
2016-10-10,15.1,15.52,15.61,15.07,11516208.0,176969834.77
2016-10-11,15.56,15.68,15.86,15.47,10953243.0,172027553.44
2016-10-12,15.62,15.77,15.95,15.61,10609734.0,167490387.84
2016-10-13,15.68,15.62,15.85,15.49,8234054.0,128516716.99
2016-10-14,15.51,15.76,15.76,15.4,7428190.0,115374186.23
2016-10-17,15.96,16.0,16.18,15.81,20583121.0,330144174.42
2016-10-18,15.86,17.15,17.23,15.86,36639201.0,615101637.91
2016-10-19,17.14,17.41,17.8,16.89,31523865.0,548997283.97
2016-10-20,17.24,17.15,17.47,17.02,21813967.0,376938423.83
2016-10-21,17.03,16.64,17.07,16.34,24802877.0,413482290.14
2016-10-24,16.45,16.65,16.73,16.15,18359058.0,302266346.06
2016-10-25,16.55,16.3,16.62,16.25,15326700.0,251131209.92
2016-10-26,16.27,16.18,16.58,16.16,13081964.0,213592510.86
2016-10-27,16.21,16.4,16.44,15.93,14133152.0,229643578.31
2016-10-28,16.4,16.66,17.03,16.32,26154193.0,439893965.02
2016-10-31,16.7,17.28,17.43,16.68,26366659.0,452358280.73
2016-11-01,17.38,17.24,17.43,16.95,21934955.0,376723194.66
2016-11-02,17.14,16.95,17.16,16.81,15338428.0,260344758.09
2016-11-03,16.84,16.89,17.36,16.77,18251285.0,310781756.99
2016-11-04,16.8,16.72,16.98,16.6,11449241.0,191479608.88
2016-11-07,16.67,17.26,17.3,16.6,18265989.0,312035350.67
2016-11-08,17.39,17.09,17.42,17.05,13893634.0,239000955.98
2016-11-09,17.0,16.5,17.03,16.18,18945927.0,315117763.98
2016-11-10,16.74,16.62,16.93,16.49,10509577.0,175919962.73
2016-11-11,16.63,16.64,16.78,16.4,11876462.0,196538597.97
2016-11-14,16.55,16.74,16.97,16.51,14575889.0,244712916.92
2017-02-08,16.25,17.46,18.08,15.79,43263166.0,742530571.34
2017-02-09,17.6,17.44,18.41,17.15,33542493.0,592376096.63
2017-02-10,17.04,16.83,17.35,16.79,19170864.0,326448678.83
2017-02-13,16.75,16.42,16.75,16.25,16833065.0,275785256.02
2017-02-14,16.42,16.66,16.69,16.3,10368774.0,171539126.54
2017-02-15,16.62,16.07,16.62,16.06,11328318.0,184814294.91
2017-02-16,15.95,15.61,16.05,15.57,13111756.0,206135382.94
2017-02-17,15.64,15.65,15.79,15.55,5598852.0,87665866.35
2017-02-20,15.37,15.77,15.8,15.34,7791217.0,121420455.8
2017-02-21,15.7,15.83,15.98,15.6,6964807.0,110105001.87
2017-02-22,15.83,16.39,16.52,15.77,14692459.0,239052700.29
2017-02-23,16.26,16.44,16.53,16.14,8732818.0,142878551.88
2017-02-24,16.26,16.51,16.65,16.26,6601967.0,109111470.99
2017-02-27,16.59,16.99,17.09,16.36,13674007.0,229619465.61
2017-02-28,16.99,16.75,17.5,16.75,17487008.0,300379720.24
2017-03-01,16.2,16.79,16.82,16.11,15580374.0,256168876.28
2017-03-02,17.0,17.66,18.25,17.0,30532457.0,543721325.41
2017-03-03,17.73,19.07,19.41,17.71,40512250.0,754725896.28
2017-03-06,19.32,19.11,19.95,18.62,31967212.0,614621378.56
2017-03-07,19.02,18.61,19.11,18.47,23452590.0,438617601.07
2017-03-08,18.62,18.67,19.33,18.61,20179440.0,382930975.93
2017-03-09,19.2,19.01,19.5,18.74,26905088.0,514387110.7
2017-03-10,18.98,20.39,20.69,18.98,40514972.0,804103982.28
2017-03-13,20.19,20.59,20.77,19.76,30079449.0,611173430.47
2017-03-14,20.61,20.56,21.1,20.44,20162107.0,417374711.33
2017-03-15,20.65,20.67,20.74,20.18,16785960.0,343426447.96
2017-03-16,20.53,20.64,20.78,20.4,14902519.0,306998834.88
2017-03-17,20.69,20.59,22.33,20.59,33148617.0,707705734.66
2017-03-20,20.19,20.85,21.38,20.14,21495770.0,447822128.59
2017-03-21,20.73,20.8,21.08,20.26,16867556.0,347322994.71
2017-03-22,20.69,21.04,21.09,20.49,14989213.0,313274132.88
2017-03-23,21.03,21.7,21.99,20.93,24306204.0,523468326.84
2017-03-24,21.75,21.88,22.34,21.47,18084668.0,396922598.01
2017-03-27,21.67,21.52,22.01,21.06,15218834.0,328016552.88
2017-03-28,21.67,21.47,22.24,21.41,11637301.0,253501772.98
2017-03-29,21.42,20.95,21.82,20.69,14544294.0,309572108.48
2017-03-30,20.75,20.32,20.95,20.1,14750539.0,302359668.46
2017-03-31,20.35,21.06,21.26,20.35,19403367.0,405111619.17
2017-04-05,20.93,22.26,22.54,20.93,24883007.0,551221163.88
2017-04-06,22.27,21.77,22.43,21.61,15207608.0,332468906.99
2017-04-07,22.14,21.33,22.22,21.19,12691767.0,272417506.44
2017-04-10,21.38,22.26,22.41,20.97,21163860.0,461704829.43
2017-04-11,22.11,21.9,22.36,21.15,18110383.0,393693212.62
2017-04-12,21.51,21.97,22.4,21.42,15393986.0,339988726.84
2017-04-13,21.76,22.24,22.31,21.67,10776265.0,237626448.68
2017-04-14,22.16,22.66,23.4,22.16,21679239.0,496566024.04
2017-04-17,22.5,22.59,23.22,21.67,15591060.0,351824574.7
2017-04-18,22.41,22.17,22.7,21.86,8451361.0,187758159.17
2017-04-19,22.19,21.44,22.22,20.9,15146304.0,323240828.06
2017-04-20,22.23,22.28,22.82,22.08,18359195.0,411363888.52
2017-04-21,22.13,22.4,22.93,22.01,10375108.0,234505767.56
2017-04-24,22.07,20.92,22.13,20.9,13953902.0,300998568.81
2017-04-25,20.98,21.22,21.8,20.96,11097995.0,237180969.29
2017-04-26,21.48,22.13,22.34,21.46,12790432.0,280621177.74
2017-04-27,22.13,22.53,22.63,21.98,13822664.0,308404489.84
2017-04-28,22.47,22.52,22.71,22.25,6895631.0,155204962.85
2017-05-02,22.71,22.54,22.96,22.28,9059033.0,204718272.29
2017-05-03,22.48,22.22,22.81,22.08,7983016.0,178074647.07
2017-05-04,21.99,21.74,22.2,21.69,7607331.0,166091097.99
2017-05-05,21.71,21.07,21.71,20.93,10077854.0,213411290.55
2017-05-08,21.04,20.44,21.23,20.39,8899704.0,184926159.43
2017-05-09,20.26,21.01,21.08,20.12,9075679.0,187706988.68
2017-05-10,21.12,20.59,21.33,20.5,6431549.0,134812444.68
2017-05-11,20.35,20.89,20.96,20.28,7200954.0,148905576.62
2017-05-12,20.99,19.98,21.07,19.9,13447000.0,274674842.82
2017-05-15,20.01,19.44,20.5,19.23,11174829.0,219080521.58
2017-05-16,19.5,20.62,20.64,19.41,10409979.0,208307066.53
2017-05-17,20.61,20.77,21.21,20.61,9356200.0,195990972.39
2017-05-18,20.68,20.92,21.21,20.59,6977181.0,145795936.88
2017-05-19,20.99,20.77,21.13,20.56,5970241.0,123779154.5
2017-05-22,20.78,20.1,20.85,19.91,7034479.0,142315042.08
2017-05-23,20.28,19.81,20.48,19.76,5257316.0,105548345.21
2017-05-24,19.82,20.37,20.47,19.54,7355580.0,148121175.21
2017-05-25,20.45,20.4,20.49,19.8,5960660.0,120557526.33
2017-05-26,20.41,20.23,20.53,20.15,4577748.0,93184618.18
2017-05-31,20.75,19.88,20.75,19.78,5460764.0,109945159.87
2017-06-01,19.74,18.92,19.74,18.87,9222399.0,177264467.51
2017-06-02,18.78,19.16,19.51,18.35,8894444.0,167518353.78
2017-06-05,19.22,19.76,19.95,19.16,7213293.0,141814301.44
2017-06-06,19.75,19.71,19.95,19.53,3822697.0,75550625.0
2017-06-07,19.71,20.49,20.6,19.71,9572464.0,193883199.62
2017-06-16,22.27,21.83,22.53,21.34,23182805.0,507217992.29
2017-06-19,21.74,22.53,22.82,21.65,15657795.0,350556779.78
2017-06-20,22.65,24.11,24.78,22.65,36204875.0,874656183.21
2017-06-21,24.15,23.89,24.3,23.61,16350995.0,390419418.27
2017-06-22,23.95,24.81,25.86,23.79,25229398.0,626073104.2
2017-06-23,24.6,24.66,24.92,23.69,16968192.0,413200495.08
2017-06-26,24.38,24.67,24.86,24.21,12002581.0,295038513.36
2017-06-27,24.6,24.31,25.07,24.22,8129764.0,199308519.46
2017-06-28,24.59,24.44,25.32,24.11,11167335.0,276076539.08
2017-06-29,24.35,24.83,25.28,24.14,12080940.0,300580196.26
2017-06-30,24.61,25.57,26.4,24.43,13794755.0,350086163.38
2017-07-03,25.53,25.89,26.27,25.0,12489273.0,319903448.71
2017-07-04,25.74,25.02,26.63,25.01,15643562.0,404245906.33
2017-07-05,24.75,27.53,27.53,24.75,25573420.0,678972566.47
2017-07-06,27.51,28.23,29.39,27.43,27948375.0,790493893.37
2017-07-07,28.59,29.32,30.43,27.91,27268629.0,796597269.63
2017-07-10,29.2,29.38,29.63,28.81,15981221.0,467246787.26
2017-07-11,29.39,29.63,30.26,27.96,23896086.0,694206204.61
2017-07-12,29.12,30.98,31.37,29.0,23155404.0,704591339.47
2017-07-13,30.07,30.47,32.5,30.02,20303110.0,636425267.43
2017-07-14,30.84,31.37,32.49,30.44,19289992.0,606755183.26
2017-07-17,31.15,30.7,32.24,29.61,18655107.0,579109221.28
2017-07-18,30.68,29.89,31.06,28.32,18707049.0,560354891.04
2017-07-19,29.93,31.37,31.42,29.01,13739705.0,415443853.74
2017-07-20,31.49,31.86,34.04,31.3,14387773.0,468059634.17
2017-07-21,31.86,31.46,32.85,30.13,9901022.0,313927777.63
2017-07-24,31.57,30.21,31.81,30.08,11490527.0,353694422.05
2017-07-25,30.38,30.81,30.95,29.74,10576699.0,321418034.22
2017-07-26,30.73,31.12,31.76,30.43,9362713.0,291081220.01
2017-07-27,30.87,30.33,30.99,29.66,11006589.0,332402231.4
2017-07-28,30.36,32.26,32.79,30.21,16351754.0,520090927.72
2017-07-31,32.11,33.02,33.68,32.11,12844983.0,421965073.47
2017-08-01,32.6,33.2,33.89,32.06,10751995.0,353133859.52
2017-08-02,33.19,32.9,33.32,32.11,10622269.0,347339536.45
2017-08-03,32.73,33.12,33.91,32.35,7784096.0,259559350.53
2017-08-04,33.1,32.06,33.32,31.9,6726101.0,218269255.89
2017-08-07,32.11,32.33,33.06,31.54,6109254.0,197541503.68
2017-08-08,32.34,30.79,32.55,30.22,13227856.0,410700194.7
2017-08-09,30.67,30.51,31.22,30.47,7312881.0,225765301.55
2017-08-10,30.82,29.9,31.05,29.5,8563230.0,257999185.48
2017-08-11,29.95,29.64,30.3,29.24,5540930.0,164953348.3
2017-08-14,29.68,31.3,31.3,29.64,8914473.0,273913969.23
2017-08-15,31.32,31.58,32.29,31.13,7724090.0,244177134.82
2017-08-16,31.38,30.96,31.47,30.28,9280060.0,284567757.12
2017-08-17,30.99,30.92,31.22,30.53,4891154.0,151307836.52
2017-08-18,30.67,30.23,30.67,29.74,4706557.0,141972955.84
2017-08-21,30.37,30.25,30.62,30.11,2717481.0,82437899.49
2017-08-22,30.22,32.11,32.14,30.13,10483281.0,328697547.67
2017-08-23,32.03,31.35,32.05,31.17,5759556.0,181928419.68
2017-08-24,31.39,30.6,31.6,30.31,4565011.0,140366671.43
2017-08-25,30.28,30.64,31.02,29.97,5315223.0,161655636.22
2017-08-28,30.57,31.82,32.11,30.39,7729138.0,244275491.1
2017-08-29,32.0,32.42,32.79,31.63,7213189.0,233159023.02
2017-08-30,32.43,32.65,32.74,31.83,5207927.0,168400542.14
2017-08-31,32.6,32.79,33.74,32.46,8906578.0,294546912.62
2017-09-01,32.94,36.07,36.07,32.94,16180072.0,566747884.96
2017-09-04,36.16,38.56,39.07,36.16,16806898.0,628076535.38
2017-09-05,38.25,38.92,39.17,37.23,11043152.0,420925742.73
2017-09-06,38.29,38.51,41.5,38.29,14898436.0,590277972.86
2017-09-07,39.23,37.67,39.48,37.25,10705928.0,409225471.23
2017-09-08,37.75,37.74,38.71,37.48,6398438.0,243826297.01
2017-09-11,38.43,41.52,41.52,38.43,15408786.0,624471495.38
2017-09-12,41.65,38.45,42.29,37.37,18640273.0,743110307.0
2017-09-13,38.54,40.87,41.29,37.3,15036792.0,587370508.29
2017-09-14,40.52,39.3,41.54,39.27,10431479.0,418587501.22
2017-09-15,39.3,38.63,39.67,37.98,6529694.0,252948198.3
2017-09-18,38.64,38.74,39.27,38.02,4293601.0,166241326.43
2017-09-19,38.96,37.2,39.07,36.87,6475345.0,244513701.64
2017-09-20,37.63,37.94,38.19,37.26,4056011.0,153330293.82
2017-09-21,38.02,37.6,38.24,37.54,3109459.0,117495703.43
2017-09-22,37.8,38.05,39.08,37.26,5656845.0,216589353.37
2017-09-25,38.05,36.75,38.05,36.0,7055566.0,259021404.5
2017-09-26,36.06,37.52,38.09,36.05,5316102.0,197555488.48
2017-09-27,37.44,38.43,39.47,37.25,11047941.0,426624812.5
2017-09-28,37.67,37.87,38.29,36.56,7609190.0,285442960.33
2017-09-29,37.78,36.85,38.27,36.01,7407386.0,273938073.9
2017-10-09,36.83,37.15,37.35,36.78,5371441.0,198689715.95
2017-10-10,37.25,37.27,37.47,36.95,4300109.0,160033327.69
2017-10-11,37.3,35.96,37.3,35.58,7142774.0,258568562.09
2017-10-12,35.96,35.21,36.45,34.73,4597453.0,162821900.51
2017-10-13,35.28,36.22,36.38,35.28,4227726.0,151990075.13
2017-10-16,36.36,35.65,36.57,35.42,4744991.0,169975669.41
2017-10-17,35.65,35.53,36.28,35.34,3433693.0,123478122.5
2017-10-18,35.91,35.61,36.38,35.47,2901305.0,103876088.84
2017-10-19,35.57,35.76,36.2,35.34,2895491.0,103815483.27
2017-10-20,35.79,38.18,38.21,35.72,7840245.0,291689263.76
2017-10-23,38.67,38.29,39.15,37.64,5425399.0,208409134.92
2017-10-24,38.03,38.57,38.96,37.94,4282587.0,164613188.79
2017-10-25,38.42,38.31,38.51,37.69,4029629.0,153537886.18
2017-10-26,38.52,38.14,38.67,37.8,4424999.0,168470854.64
2017-10-27,38.29,36.95,38.43,36.56,4292202.0,160942242.35
2017-10-30,37.05,38.14,38.64,36.13,7655905.0,288794160.47
2017-10-31,38.1,40.06,40.44,38.04,9163273.0,361033789.2
2017-11-01,40.02,41.54,42.28,40.02,10775657.0,444620277.3
2017-11-02,41.15,40.01,41.54,39.43,9391215.0,378804008.16
2017-11-03,40.16,39.45,40.4,38.88,5407346.0,213571958.97
2017-11-06,39.66,38.92,39.81,38.06,6126690.0,237439118.68
2017-11-07,38.88,38.72,38.95,37.84,5097586.0,195670125.32
2017-11-08,38.16,40.0,40.25,38.04,8639759.0,340560221.61
2017-11-09,40.01,40.01,40.5,38.94,6305690.0,249416042.12
2017-11-10,40.01,40.01,40.81,39.51,5312608.0,213178207.02
2017-11-13,41.84,41.14,43.22,40.51,9163464.0,380110190.6
2017-11-14,41.3,38.77,41.44,37.81,13736499.0,539169930.57
2017-11-15,38.53,34.9,38.53,34.9,15189751.0,539019445.04
2017-11-16,33.62,34.1,34.45,31.94,17747388.0,588611859.98
2017-11-17,33.54,33.2,35.51,32.42,12057981.0,413314534.48
2017-11-20,32.95,34.86,35.07,32.14,8041923.0,273235560.82
2017-11-21,34.83,35.37,36.63,34.73,7871887.0,281095767.78
2017-11-22,35.27,35.75,36.3,34.41,6702694.0,237767545.81
2017-11-23,35.57,34.51,36.26,34.48,4955926.0,175336401.3
2017-11-24,34.4,33.94,34.79,33.83,3765628.0,128551590.2
2017-11-27,33.93,31.13,34.38,30.96,7765896.0,252734981.93
2017-11-28,31.19,32.73,32.89,31.19,6673258.0,214914745.6
2017-11-29,32.92,34.15,34.45,32.79,7959110.0,270292047.79
2017-11-30,34.4,33.14,35.21,32.7,5960062.0,202195414.67
2017-12-01,33.2,33.49,34.03,32.66,3999029.0,134303356.21
2017-12-04,34.23,33.69,34.44,33.09,3543275.0,119921271.55
2017-12-05,33.86,31.76,33.86,30.9,10084708.0,321321792.28
2017-12-06,31.61,32.39,32.4,30.32,8519163.0,266289013.41
2017-12-07,31.95,31.57,32.09,30.96,6281339.0,197077410.36
2017-12-08,31.2,31.61,31.85,30.97,7046900.0,221133470.42
2017-12-11,31.27,32.85,32.85,31.27,6898129.0,221803429.94
2017-12-12,32.85,32.97,33.83,32.63,6586057.0,218803706.33
2017-12-13,32.53,32.28,33.22,31.77,4839040.0,156275996.21
2017-12-14,32.43,31.88,32.45,31.67,3641135.0,116494222.57
2017-12-15,31.74,31.47,32.06,30.96,3138247.0,98584002.22
2017-12-18,31.52,30.34,31.76,30.28,5151827.0,158339790.15
2017-12-19,30.44,29.24,30.73,28.69,9847987.0,290705368.45
2017-12-20,29.49,28.97,29.63,28.9,5704778.0,166854716.57
2017-12-21,29.22,29.2,29.44,28.72,4663917.0,135837382.89
2017-12-22,29.49,30.53,31.07,29.39,9098449.0,276985642.41
2017-12-25,30.45,29.24,30.48,29.2,6602231.0,196027720.77
2017-12-26,29.24,29.37,29.57,28.75,4130927.0,120963052.95
2017-12-27,29.64,29.36,29.96,29.06,7698031.0,227727597.24
2017-12-28,29.1,28.4,29.79,28.39,9817817.0,284525488.23
2017-12-29,28.75,28.14,28.75,27.69,8140212.0,228333063.08
2018-01-02,28.44,29.59,29.85,28.38,8278057.0,240950536.6
2018-01-03,29.79,31.02,31.29,29.6,11987020.0,367595968.95
2018-01-04,31.11,31.12,32.06,30.87,8910256.0,280953315.22
2018-01-05,31.12,30.86,31.79,30.8,6052321.0,188963505.74
2018-01-08,31.15,31.37,31.46,30.78,5707311.0,177466784.87
2018-01-09,31.52,30.55,31.66,30.01,6586373.0,201000587.92
2018-01-10,30.33,29.19,30.52,28.91,6508370.0,192171527.17
2018-01-11,29.19,30.63,30.67,29.1,6920911.0,207574637.94
2018-01-12,31.02,29.72,31.7,29.68,6537063.0,199975554.67
2018-01-15,29.6,27.77,29.6,27.59,9068541.0,258496604.38
2018-01-16,27.79,27.19,28.4,26.9,8443585.0,232904403.02
2018-01-17,26.91,26.33,26.91,24.48,15095795.0,383264247.22
2018-01-18,26.18,26.33,26.55,25.59,10520029.0,274725413.29
2018-01-19,26.18,26.18,27.01,25.74,7532573.0,198804015.78
2018-01-22,26.17,26.28,26.77,25.54,9570253.0,250262826.19
2018-01-23,26.3,25.42,26.67,25.27,8171554.0,211711576.7
2018-01-24,25.55,25.63,25.97,24.45,11676420.0,297025110.49
2018-01-25,26.1,26.11,27.51,25.99,14657636.0,391215449.14
2018-01-26,26.16,27.26,27.3,26.16,13526098.0,363280863.4
2018-01-29,26.58,25.62,26.67,25.5,11986077.0,311392623.71
2018-01-30,25.49,25.9,26.21,25.45,6628948.0,172158930.81
2018-01-31,25.7,26.11,26.27,25.34,5948548.0,153990004.12
2018-02-01,25.74,25.89,26.38,25.45,6372808.0,165311254.05
2018-02-02,25.95,25.71,26.58,25.44,6508623.0,169561963.69
2018-02-05,24.95,24.18,25.28,23.78,10066759.0,244313284.83
2018-02-06,23.34,23.59,24.01,22.97,8706406.0,204798076.33
2018-02-07,24.28,24.0,24.48,22.95,8111027.0,193945998.34
2018-02-08,23.72,25.76,26.23,23.71,8404743.0,213685842.26
2018-02-09,25.2,26.71,27.1,25.05,11605611.0,308541578.8
2018-02-12,26.77,28.7,29.33,26.77,11208779.0,319674670.47
2018-02-13,29.05,28.48,29.29,28.16,8958176.0,256396506.04
2018-02-14,28.79,28.8,29.24,27.54,6746296.0,191723819.82
2018-02-22,29.24,28.95,29.89,28.85,7575898.0,222546750.97
2018-02-23,28.82,28.6,28.84,27.77,7874792.0,222960377.56
2018-02-26,28.9,30.33,30.91,28.89,11224263.0,339438307.17
2018-02-27,30.26,30.24,31.39,29.94,9400632.0,288287298.66
2018-02-28,30.26,31.31,31.61,29.99,8684124.0,270258104.26
2018-03-01,31.12,31.42,31.66,30.82,6390357.0,200194563.36
2018-03-02,31.13,32.81,33.1,30.92,10811518.0,350761019.93
2018-03-05,33.2,34.82,36.09,32.34,15461034.0,528551811.82
2018-03-06,34.48,34.35,35.58,34.09,8261506.0,285074209.2
2018-03-07,34.51,34.85,34.87,33.59,8541884.0,291866433.21
2018-03-08,36.05,33.79,37.01,33.67,18015003.0,637577625.43
2018-03-09,33.77,37.0,37.17,33.77,24917091.0,883280009.39
2018-03-12,37.05,36.78,38.03,36.56,22220724.0,823676472.19
2018-03-13,36.82,36.89,38.42,36.56,18515656.0,688241369.52
2018-03-14,36.61,36.71,38.41,36.57,16915643.0,633344864.01
2018-03-15,36.56,36.95,37.64,35.57,12645357.0,462368921.54
2018-03-16,36.99,36.46,37.69,36.44,9440746.0,349701323.64
2018-03-19,35.96,36.02,36.58,35.74,8356416.0,302443267.84
2018-03-20,35.74,35.85,36.26,34.53,13095429.0,462612369.03
2018-03-21,35.93,34.62,36.5,34.58,10947705.0,388395615.41
2018-03-22,35.19,35.03,35.31,34.38,7613113.0,265155336.1
2018-03-23,33.87,33.19,34.72,32.77,13134681.0,440515998.45
2018-03-26,32.86,35.41,35.52,32.86,13864358.0,479242085.09
2018-03-27,35.85,37.65,37.79,35.84,17034988.0,628276757.06
2018-03-28,37.06,36.98,38.24,36.94,12177500.0,456851741.04
2018-03-29,37.41,36.54,37.79,35.62,10224874.0,373166418.83
2018-03-30,36.7,37.85,37.91,36.19,10717845.0,400429862.84
2018-04-02,38.56,36.61,38.96,36.51,13853144.0,518543334.77
2018-04-03,35.71,35.86,35.96,34.58,10590702.0,374143207.83
2018-04-04,36.06,35.07,36.11,34.83,8206190.0,289332848.61
2018-04-09,34.95,34.3,35.72,34.18,6732156.0,236323118.91
2018-04-10,34.8,35.21,35.38,33.88,7051916.0,245974558.65
2018-04-11,35.52,34.8,35.55,34.45,5883598.0,206113426.44
2018-04-12,34.63,33.4,34.95,33.04,9550962.0,321286327.84
2018-04-13,33.65,33.28,33.82,32.79,7059261.0,234554745.5
2018-04-16,33.09,32.13,33.31,31.55,10951232.0,353039109.14
2018-04-17,32.7,32.47,32.93,31.62,8566769.0,277783380.65
2018-04-18,32.5,31.86,32.5,30.38,14456547.0,453909808.42
2018-04-19,31.83,31.46,32.01,31.04,8759967.0,276570944.57
2018-04-20,31.42,30.48,31.91,30.33,7791766.0,243966875.37
2018-04-23,30.47,31.0,31.35,30.4,7146567.0,221044165.76
2018-04-24,31.12,32.19,32.28,30.73,7787283.0,247641046.44
2018-04-25,32.0,31.78,32.26,31.54,7103903.0,226338814.87
2018-04-26,31.62,29.15,31.98,29.12,11348511.0,343425105.83
2018-04-27,29.59,31.02,31.11,29.4,10174157.0,309984064.8
2018-05-02,30.94,32.24,32.32,30.92,9757421.0,311676726.55
2018-05-03,32.24,32.5,32.79,31.51,10500446.0,338651474.67
2018-05-04,32.57,32.15,33.33,32.11,7390122.0,242090545.97
2018-05-07,32.14,34.92,35.37,32.13,14128924.0,482226590.63
2018-05-08,34.64,34.61,35.8,34.28,12688872.0,444671326.67
2018-05-09,34.63,35.64,36.35,34.63,11130031.0,397156765.58
2018-05-10,35.57,36.31,36.35,35.32,8156536.0,293222209.05
2018-05-11,36.39,35.85,37.14,35.75,11311774.0,414735478.46
2018-05-14,35.92,34.23,36.24,33.6,14750593.0,512678903.14
2018-05-15,34.25,36.56,36.62,34.25,11374550.0,404215132.21
2018-05-16,36.35,34.79,36.45,34.72,11196228.0,395464064.34
2018-05-17,35.27,34.58,35.95,34.01,9582996.0,333473103.46
2018-05-18,34.91,34.43,34.91,33.84,6649487.0,229249980.72
2018-05-21,35.12,34.7,35.91,34.43,9036606.0,317317567.5
2018-05-22,34.83,35.01,35.02,33.92,6850532.0,235696665.4
2018-05-23,34.93,34.24,35.01,34.05,8789215.0,302593405.76
2018-05-24,34.59,33.97,34.91,33.23,10091648.0,341788488.72
2018-05-25,33.86,32.37,33.86,32.03,9753353.0,318249816.37
2018-05-28,32.37,31.67,32.8,30.98,9216187.0,292661997.15
2018-05-29,31.76,32.3,32.9,31.76,5876095.0,190521106.93
2018-05-30,31.29,30.75,32.23,30.45,7764362.0,242351578.17
2018-05-31,31.2,30.16,31.65,29.91,8617697.0,263408954.03
2018-06-01,30.0,30.5,30.98,29.76,7061408.0,214268394.86
2018-06-04,30.16,29.82,30.68,29.2,8010370.0,238978519.63
2018-06-05,29.91,31.29,31.33,29.91,9044443.0,276476255.84
2018-06-06,31.47,32.17,32.63,31.0,10135029.0,324684255.96
2018-06-07,32.2,32.46,33.1,31.87,6622329.0,215239247.18
2018-06-08,32.17,33.0,33.05,31.99,7202718.0,235745563.46
2018-06-11,33.16,31.46,33.46,31.0,11643280.0,371033972.94
2018-06-12,31.18,31.03,31.4,30.02,9529182.0,290697444.68
2018-06-13,30.67,30.38,30.98,30.3,4429534.0,135279406.46
2018-06-14,30.39,30.59,31.01,30.29,5306790.0,162463025.29
2018-06-15,30.54,29.86,30.59,29.5,6472474.0,193385627.72
2018-06-19,28.8,27.43,29.63,26.94,9341290.0,263312251.27
2018-06-20,27.49,27.82,28.29,27.34,7218025.0,200643217.62
2018-06-21,27.82,26.61,27.99,26.6,7263273.0,196843521.29
2018-06-22,26.33,27.81,28.29,26.03,8843634.0,242471165.49
2018-06-25,28.32,28.05,28.65,27.81,6421991.0,181101038.57
2018-06-26,27.44,28.56,28.57,27.34,6094289.0,171661159.44
2018-06-27,28.6,27.91,28.82,27.79,5857318.0,165273380.35
2018-06-28,27.81,28.03,28.52,27.78,4551672.0,128606753.52
2018-06-29,28.21,29.93,30.17,27.99,7369983.0,214963158.63
2018-07-02,29.72,29.79,30.52,29.42,6148266.0,184047323.51
2018-07-03,29.89,30.5,31.04,29.15,8058955.0,242435192.72
2018-07-04,30.19,29.14,30.72,28.72,7880554.0,232667559.49
2018-07-05,29.0,29.0,29.78,28.85,5451741.0,159886000.07
2018-07-06,28.91,28.2,29.69,27.71,9077153.0,259860376.04
2018-07-09,28.04,29.87,30.17,28.04,7953323.0,231361812.3
2018-07-10,30.58,30.19,30.98,29.64,8061195.0,243473584.76
2018-07-11,29.2,30.68,31.23,28.8,11934090.0,362639424.72
2018-07-12,30.53,31.85,31.95,30.35,11796233.0,369392467.81
2018-07-13,32.26,31.67,32.61,31.67,10606447.0,341080910.57
2018-07-16,31.66,31.18,32.03,30.71,6797410.0,211950282.01
2018-07-17,31.33,31.56,31.67,30.71,6792447.0,211710997.79
2018-07-18,31.77,31.46,32.62,31.45,10372605.0,333347888.5
2018-07-19,31.57,31.52,31.87,30.58,7704594.0,241084928.55
2018-07-20,31.28,32.09,32.46,31.08,8249422.0,264034743.01
2018-07-23,32.02,32.54,33.25,31.77,8053290.0,262556121.28
2018-07-24,32.28,32.4,32.96,32.09,7270741.0,236556262.55
2018-07-25,32.2,31.28,32.76,31.18,8544364.0,273040528.11
2018-07-26,31.38,30.84,31.77,30.49,6675949.0,207359696.97
2018-07-27,30.9,29.8,30.9,29.38,9096053.0,271778254.91
2018-07-30,30.68,30.12,30.82,29.69,5338779.0,160947054.88
2018-07-31,29.94,29.65,30.08,29.4,4213688.0,125276470.76
2018-08-01,29.88,29.28,30.38,29.28,4500453.0,133949687.06
2018-08-02,28.68,27.77,28.68,27.23,11014145.0,306658011.95
2018-08-03,28.01,27.42,28.18,27.22,4348028.0,120319189.53
2018-08-06,27.44,25.6,27.7,25.32,8437533.0,221155772.75
2018-08-07,25.82,26.52,26.58,25.37,6550968.0,170431919.78
2018-08-08,26.57,26.24,26.77,25.72,3940584.0,103353525.52
2018-08-09,26.1,27.27,27.52,25.99,5247662.0,142001066.5
2018-08-10,27.22,27.07,27.38,26.61,4078034.0,110081142.21
2018-08-13,26.71,26.89,27.07,25.6,6759150.0,177508820.88
2018-08-14,26.97,26.05,27.02,25.93,7056704.0,185289821.62
2018-08-15,25.98,24.35,26.03,23.95,14125720.0,346676202.03
2018-08-16,23.75,23.74,24.17,23.31,8310274.0,197699607.98
2018-08-17,24.09,23.04,24.24,22.91,7241409.0,169523448.95
2018-08-20,23.1,23.47,23.64,22.84,5394115.0,125347641.67
2018-08-21,23.66,22.52,23.71,22.49,13709210.0,316134415.86
2018-08-22,22.68,22.37,23.08,21.95,13239775.0,297182207.24
2018-08-23,22.47,22.37,22.75,22.27,8150456.0,183418770.63
2018-08-24,22.62,22.77,23.11,22.49,9016329.0,205373414.36
2018-08-27,22.94,23.53,23.61,22.78,9463252.0,220545651.34
2018-08-28,23.56,23.95,24.13,23.37,8287700.0,196926893.25
2018-08-29,23.85,23.41,23.93,23.17,7412447.0,173324860.01
2018-08-30,23.29,23.04,23.48,22.88,5194810.0,120034062.66
2018-08-31,22.84,23.01,23.36,22.59,5383645.0,124578430.41
2018-09-03,22.96,23.16,23.29,22.54,3903199.0,89471116.92
2018-09-04,23.17,22.89,23.21,22.65,4918838.0,112655283.66
2018-09-05,22.75,22.37,22.86,22.34,4929423.0,110828946.28
2018-09-06,22.05,21.5,22.38,21.42,6416608.0,140299908.94
2018-09-07,21.53,22.87,23.63,21.53,13249027.0,304263731.77
2018-09-10,23.25,23.51,24.07,23.07,13247192.0,312321003.24
2018-09-11,23.81,23.29,24.01,22.82,7114931.0,166056348.72
2018-09-12,23.33,23.63,23.97,23.33,7363465.0,174750320.36
2018-09-13,24.71,24.56,25.28,24.36,11660586.0,288425673.03
2018-09-14,24.84,24.79,25.99,24.28,12434633.0,313490152.03
2018-09-17,24.6,24.4,24.72,23.77,6500052.0,158245735.83
2018-09-18,24.37,25.83,25.9,24.25,10244150.0,258170115.2
2018-09-19,25.59,26.28,26.78,25.35,10453808.0,275824397.94
2018-09-20,26.19,26.05,26.68,25.88,6347477.0,166178954.88
2018-09-21,26.23,27.13,27.31,25.85,8137273.0,217661753.78
2018-09-25,26.99,26.84,27.12,26.62,3679838.0,98805665.17
2018-09-26,26.9,27.14,27.19,26.33,7889573.0,210637644.68
2018-09-27,26.95,26.05,26.96,25.96,8565390.0,225028713.87
2018-09-28,26.32,26.01,26.48,25.12,8235862.0,211921917.53
2018-10-08,25.22,25.24,25.89,24.95,5754347.0,146103393.89
2018-10-09,24.35,22.83,24.35,22.72,11790418.0,274235669.87
2018-10-10,23.12,22.67,23.24,22.34,7889243.0,179187522.83
2018-10-11,22.1,21.29,22.41,20.71,11729572.0,250524339.08
2018-10-12,21.15,21.33,21.6,19.87,9605479.0,200366160.06
2018-10-15,21.89,22.6,23.16,21.89,12699664.0,288390641.81
2018-10-16,22.5,22.72,23.41,22.31,7294991.0,165818514.74
2018-10-17,22.86,22.77,23.15,21.85,6593118.0,148997211.66
2018-10-18,22.57,22.72,23.45,22.07,6348457.0,145297026.2
2018-10-19,22.38,23.09,23.41,22.28,9917133.0,228814543.41
2018-10-22,23.29,25.12,25.24,23.12,10925187.0,265161572.67
2018-10-23,25.24,24.24,25.26,23.85,6740296.0,165316904.89
2018-10-24,24.06,24.66,25.02,23.92,5900651.0,144822828.04
2018-10-25,23.96,23.71,24.04,22.57,10571281.0,245896071.85
2018-10-26,23.85,23.46,24.15,22.98,6039992.0,141955935.47
2018-10-29,23.36,23.18,23.75,22.94,3061215.0,71509135.27
2018-10-30,23.06,23.13,23.38,22.62,5130436.0,118032432.94
2018-10-31,23.16,23.78,23.9,22.9,5348690.0,126363720.31
2018-11-01,24.3,24.1,24.63,24.02,5308964.0,128608496.1
2018-11-02,25.22,24.85,25.24,24.41,8792083.0,218008981.57
2018-11-05,24.81,25.52,25.98,24.61,10043352.0,254170087.83
2018-11-06,25.24,24.92,25.42,24.66,4671057.0,116850143.41
2018-11-07,25.11,25.73,25.93,25.11,8806487.0,226062174.13
2018-11-08,25.91,25.68,25.93,25.52,3889154.0,99810031.43
2018-11-09,25.51,25.59,26.12,25.19,4720404.0,121658719.76
2018-11-12,25.44,26.77,27.05,25.25,8311903.0,220267498.15
2018-11-13,26.65,27.08,27.7,26.26,9006954.0,242759029.02
2018-11-14,27.08,26.41,27.22,26.31,4345856.0,116020168.45
2018-11-15,26.26,26.57,26.67,26.13,3283225.0,86751338.85
2018-11-16,26.89,26.02,26.89,25.98,5803533.0,152537316.12
2018-11-19,26.03,25.88,26.17,25.59,4360321.0,112400608.4
2018-11-20,25.88,25.49,26.17,25.41,4173201.0,107329131.79
2018-11-21,25.37,26.2,26.33,25.33,5398639.0,140654934.11
2018-11-22,26.27,25.27,26.33,25.21,5332232.0,136386735.37
2018-11-23,25.42,24.53,25.42,24.25,4701945.0,115983388.88
2018-11-26,24.5,25.0,25.24,24.31,4089984.0,101925435.66
2018-11-27,25.13,25.85,26.23,24.88,7235499.0,187148281.58
2018-11-28,26.23,27.18,27.18,25.79,12663610.0,337698137.76
2018-11-29,27.26,27.39,28.88,27.02,13188916.0,368675728.47
2018-11-30,27.52,28.09,28.42,27.03,7919896.0,220352070.71
2018-12-03,29.02,28.17,29.3,28.06,8392664.0,239420061.24
2018-12-04,27.96,28.71,28.95,27.82,7790480.0,221494637.97
2018-12-05,28.51,28.56,28.8,28.19,4941170.0,140964936.6
2018-12-06,28.31,28.56,29.79,28.23,10062400.0,293594823.06
2018-12-07,28.7,28.49,29.2,28.13,6251974.0,178824160.72
2018-12-10,28.7,28.79,29.16,28.01,7784582.0,223102281.45
2018-12-11,28.7,29.06,29.28,28.01,7683025.0,219681930.18
2018-12-12,29.23,29.93,30.63,28.91,12561816.0,375989458.22
2018-12-13,29.89,30.41,31.14,29.79,9615674.0,292562862.06
2018-12-14,30.27,29.56,30.87,29.53,7436343.0,224259326.01
2018-12-17,29.63,29.15,29.87,28.43,9436894.0,274080888.39
2018-12-18,29.11,29.08,29.75,28.8,6382044.0,186537015.64
2018-12-19,29.22,28.44,29.4,28.14,7852056.0,223902057.03
2018-12-20,28.42,28.05,28.79,27.89,7132941.0,201332577.51
2018-12-21,28.18,28.46,29.18,28.01,7204719.0,206343156.62
2018-12-24,28.56,28.31,29.2,27.88,5957323.0,169753632.07
2018-12-25,27.92,27.89,28.29,27.12,6371667.0,175745145.81
2018-12-26,27.7,27.41,28.07,27.1,4709496.0,129363004.3
2018-12-27,28.39,29.1,29.43,28.39,12170719.0,353030055.04
2018-12-28,29.12,28.64,29.3,28.22,8386548.0,240631276.87
2019-01-02,28.98,28.62,29.42,28.58,6000862.0,173779303.03
2019-01-03,28.8,27.32,28.8,26.46,8998651.0,248133862.35
2019-01-04,26.87,26.43,27.26,25.68,16870997.0,445865979.48
2019-01-07,26.63,27.37,27.4,26.0,13360320.0,356272805.97
2019-01-08,27.27,28.41,28.58,27.03,13182609.0,371763731.61
2019-01-09,27.91,27.22,28.6,25.83,22587922.0,609602312.03
2019-01-10,26.76,27.17,27.58,26.76,9304786.0,253943105.45
2019-01-11,27.19,26.84,27.39,26.35,9991369.0,267984195.5
2019-01-14,26.97,26.59,27.37,26.43,8260881.0,222403340.9
2019-01-15,26.63,27.68,27.96,26.63,10582376.0,289726321.17
2019-01-16,27.7,27.63,28.29,27.52,7872836.0,219251203.74
2019-01-17,27.57,27.38,27.96,27.28,4475840.0,123249811.74
2019-01-18,27.52,28.43,28.58,27.38,7554029.0,212576888.62
2019-01-21,28.4,28.65,29.05,27.92,9968625.0,285502408.77
2019-01-22,28.7,27.96,28.9,27.77,8776114.0,248303078.23
2019-01-23,28.11,28.69,28.82,27.66,9252733.0,263642085.63
2019-01-24,28.67,28.41,28.88,28.21,7442580.0,212015892.9
2019-01-25,28.48,30.51,30.9,28.01,16656348.0,496431596.58
2019-01-28,30.68,30.12,30.85,29.87,9035566.0,274237988.66
2019-01-29,30.38,29.2,30.39,28.39,12300808.0,360436739.88
2019-01-30,30.41,29.3,30.41,29.22,12315682.0,365794734.14
2019-01-31,28.96,29.69,30.5,28.96,8746098.0,261806304.3
2019-02-01,29.55,31.47,31.8,29.55,15923544.0,494144736.85
2019-02-11,31.45,31.93,32.13,31.23,13435279.0,426504538.34
2019-02-12,31.87,31.66,31.87,30.9,14893663.0,467014329.83
2019-02-13,31.43,31.68,31.9,31.09,16311912.0,513824183.76
2019-02-14,31.62,32.3,32.45,31.08,16464190.0,524815025.36
2019-02-15,32.3,31.18,32.3,31.02,15636167.0,492956775.28
2019-02-18,31.32,31.88,32.12,30.98,16691244.0,528299030.55
2019-02-19,31.96,30.69,32.02,30.35,18021073.0,559930544.66
2019-02-20,30.58,30.27,31.03,29.85,12226241.0,372049257.14
2019-02-21,30.17,30.25,31.11,30.13,11393877.0,348480708.35
2019-02-22,30.33,30.88,31.03,29.58,14131440.0,426963939.27
2019-02-25,31.19,33.97,33.97,31.19,29356429.0,978048262.94
2019-02-26,34.42,33.55,35.63,33.55,21425265.0,738477385.62
2019-02-27,33.5,32.83,34.63,32.46,13708918.0,456674309.92
2019-02-28,33.31,32.3,33.5,32.08,12186160.0,395444004.69
2019-03-01,32.97,33.9,34.54,32.95,20498637.0,692285881.85
2019-03-04,34.14,35.35,36.01,33.99,21796573.0,771617248.94
2019-03-05,35.34,35.6,36.33,34.94,13705485.0,486955810.87
2019-03-06,35.78,35.34,36.21,34.76,14449756.0,509680825.29
2019-03-07,35.15,34.74,35.43,33.8,17373558.0,601057186.83
2019-03-08,33.79,34.89,35.93,33.19,18868918.0,660289159.34
2019-03-11,34.92,37.81,37.92,34.92,19995434.0,739807227.6
2019-03-12,38.3,38.38,40.26,37.97,22176726.0,868263969.08
2019-03-13,38.3,37.97,39.25,37.31,15357996.0,588905106.04
2019-03-14,38.16,37.41,39.46,36.62,20396997.0,778716442.41
2019-03-15,37.86,38.11,39.1,37.25,15308659.0,583561959.85
2019-03-18,38.29,37.82,38.76,35.54,17545351.0,651362786.65
2019-03-19,37.61,37.03,37.8,36.73,9500375.0,353642958.17
2019-03-20,37.12,36.47,37.22,35.63,14106228.0,510294689.63
2019-03-21,35.63,36.74,36.99,35.05,15253739.0,551768164.63
2019-03-22,36.97,37.26,37.35,35.86,13664012.0,500971966.86
2019-03-25,36.52,37.75,38.48,36.23,15552280.0,588576863.95
2019-03-26,37.91,35.53,38.11,35.45,13200955.0,482325517.35
2019-03-27,36.42,35.91,37.54,35.8,12631840.0,460643227.54
2019-03-28,35.64,36.27,37.11,34.85,10007332.0,364417898.09
2019-03-29,36.27,36.81,37.08,36.02,12062534.0,442332293.13
2019-04-01,37.41,37.99,38.26,37.4,14683101.0,555362550.84
2019-04-02,38.02,37.22,38.5,37.13,12703781.0,479317373.11
2019-04-03,37.03,36.83,37.59,36.38,9419831.0,348113940.43
2019-04-04,36.95,36.31,37.12,36.03,9685756.0,353432675.01
2019-04-08,36.36,34.71,36.92,34.35,20406840.0,715691199.46
2019-04-09,34.74,35.12,35.33,33.9,10223981.0,356506823.16
2019-04-10,34.85,34.52,35.29,34.28,11317172.0,391975621.35
2019-04-11,34.49,33.95,34.84,33.85,9006097.0,308440425.81
2019-04-12,34.25,35.04,35.07,33.9,8197101.0,282410071.82
2019-04-15,35.34,34.05,35.57,34.05,9525081.0,330086069.86
2019-04-16,33.96,34.64,34.85,32.94,11228214.0,379833510.29
2019-04-17,34.62,37.07,38.11,34.54,30964395.0,1143982254.62
2019-04-18,37.05,36.21,37.41,36.19,8212139.0,300938640.92
2019-04-19,36.24,36.03,36.51,35.32,6774847.0,243342158.41
2019-04-22,35.83,34.71,35.83,34.64,9375316.0,329529297.09
2019-04-23,34.57,34.59,35.09,34.15,6219316.0,215010640.47
2019-04-24,34.59,34.89,34.99,33.65,7463453.0,256836304.32
2019-04-25,34.84,34.04,35.27,33.65,6425866.0,222288678.27
2019-04-26,33.9,31.44,33.9,30.73,22345548.0,708715408.6
2019-04-29,31.44,32.17,32.44,30.91,10487458.0,334775613.03
2019-04-30,31.77,31.54,32.61,31.23,8644249.0,272932739.26
2019-05-06,30.19,29.58,30.66,29.31,9788760.0,293469096.74
2019-05-07,29.99,29.69,30.49,28.76,10725081.0,316817801.09
2019-05-08,29.15,29.4,30.15,28.96,7769632.0,230801524.77
2019-05-09,29.09,29.06,29.93,28.83,6864063.0,202245950.93
2019-05-10,29.57,31.2,31.38,29.29,10142307.0,307945161.24
2019-05-13,30.68,29.13,31.11,29.0,9229245.0,275872726.8
2019-05-14,29.69,29.43,30.03,29.28,7360999.0,218127471.42
2019-05-15,29.77,30.26,30.48,29.36,7695085.0,231273251.08
2019-05-16,29.74,30.53,31.0,29.4,7826514.0,236229547.36
2019-05-17,30.48,29.61,30.86,29.5,5741160.0,172984061.45
2019-05-20,29.7,29.4,29.86,27.92,6170364.0,178040536.79
2019-05-21,29.63,28.4,29.63,28.12,13255789.0,379026035.02
2019-05-22,28.4,28.11,28.8,27.95,6801367.0,192788062.49
2019-05-23,27.97,27.43,27.98,26.77,9559000.0,261046760.8
2019-05-24,27.37,27.39,27.81,26.87,5839610.0,160205466.79
2019-05-27,27.4,28.08,28.23,27.32,6910644.0,192658306.56
2019-05-28,28.01,28.43,28.56,27.82,7762006.0,219394906.03
2019-05-29,28.26,28.25,28.58,28.1,4188831.0,118794259.45
2019-05-30,28.21,27.93,28.21,27.61,3289691.0,91578372.18
2019-05-31,27.98,28.29,28.57,27.78,4609591.0,130433354.8
2019-06-03,28.4,27.71,28.58,27.63,4248076.0,119227070.26
2019-06-04,27.76,27.13,27.98,27.02,4591773.0,125981087.81
2019-06-05,27.45,27.89,28.47,27.27,5618034.0,156291573.84
2019-06-06,28.04,26.69,28.04,26.63,6251597.0,168511874.11
2019-06-10,26.88,28.56,28.9,26.88,10527055.0,296950544.23
2019-06-11,28.51,29.3,29.66,27.85,13194142.0,384383186.42
2019-06-12,29.25,28.93,30.09,28.81,8233207.0,241903477.1
2019-06-13,29.15,29.1,29.19,28.47,6862203.0,198105872.54
2019-06-14,29.26,29.08,29.48,28.48,10311793.0,299873941.43
2019-06-17,29.16,28.75,29.26,28.21,7351408.0,210575040.68
2019-06-18,28.78,28.07,28.78,27.68,8841159.0,247613382.78
2019-06-19,29.0,28.01,29.84,27.72,14994872.0,426981264.32
2019-06-20,28.1,28.89,29.33,27.53,15524957.0,440587320.43
2019-06-21,29.4,30.35,30.94,29.34,18453458.0,558981793.58
2019-06-24,30.46,30.21,30.78,29.81,10231344.0,308788025.68
2019-06-25,30.55,30.63,31.2,30.09,12771388.0,390037433.01
2019-06-26,31.51,32.37,33.6,31.51,13970335.0,456043942.56
2019-06-27,32.37,33.63,34.08,32.37,12575672.0,419312126.86
2019-06-28,33.75,33.6,33.98,32.49,8988770.0,296318959.97
2019-07-01,34.25,34.5,34.88,33.65,9537742.0,328508230.23
2019-07-02,34.14,34.51,35.11,34.13,7159998.0,248225392.61
2019-07-03,34.2,33.72,34.49,33.52,8248147.0,279080707.27
2019-07-04,33.88,33.4,34.34,33.24,5329782.0,179257751.95
2019-07-05,33.75,33.52,34.43,33.26,4974646.0,167504501.19
2019-07-08,33.67,32.89,33.68,32.7,4964003.0,164050070.51
2019-07-09,33.06,33.21,33.66,32.61,4402250.0,145635257.02
2019-07-10,33.51,33.37,33.94,32.85,7644598.0,255393226.12
2019-07-11,33.56,33.07,33.6,32.65,5702516.0,188258015.06
2019-07-12,32.8,33.05,33.37,32.71,3364520.0,111384832.34
2019-07-15,33.1,34.75,35.32,32.79,9151217.0,314821839.19
2019-07-16,34.99,34.95,35.26,34.54,5776285.0,201546637.44
2019-07-17,34.82,34.52,35.18,34.39,5609392.0,194800636.82
2019-07-18,34.16,34.5,34.85,33.75,6538925.0,224563896.22
2019-07-19,34.75,35.5,35.5,34.45,7385424.0,259779279.04
2019-07-22,35.94,34.17,35.98,34.11,8250795.0,287500619.56
2019-07-23,34.4,36.05,36.46,34.15,11279076.0,403568235.7
2019-07-24,36.4,35.87,36.78,35.86,8066684.0,292930911.33
2019-07-25,35.8,35.78,36.36,35.71,4016594.0,144201471.14
2019-07-26,35.79,36.7,36.82,35.6,5579026.0,203416635.27
2019-07-29,36.7,37.0,37.19,36.6,3153644.0,116363485.04
2019-07-30,37.08,36.92,37.73,36.63,5664740.0,210222237.7
2019-07-31,36.85,36.21,36.85,35.91,5328827.0,193378971.96
2019-08-01,36.17,35.79,36.19,35.05,7764983.0,276215948.61
2019-08-02,35.02,35.34,35.65,34.52,6618124.0,232979888.62
2019-08-05,35.6,33.95,35.6,33.83,8912219.0,307292341.64
2019-08-06,33.55,33.79,34.51,32.73,9044064.0,303020642.38
2019-08-07,34.24,33.2,34.37,33.2,6353584.0,213616441.87
2019-08-08,33.64,33.24,33.64,32.8,6167741.0,204394178.13
2019-08-09,33.58,33.36,34.31,32.91,6595735.0,221629471.04
2019-08-12,33.2,33.63,33.65,32.33,6894556.0,227420850.09
2019-08-13,33.4,33.94,34.9,33.21,6924286.0,236544100.28
2019-08-14,34.6,33.54,34.78,33.52,5989176.0,204332141.7
2019-08-15,32.72,33.6,33.97,32.68,4258363.0,142480961.21
2019-08-16,33.59,33.21,34.0,33.13,5514966.0,184292805.61
2019-08-19,33.7,34.2,34.28,32.91,13577757.0,458823512.83
2019-08-20,34.2,34.54,35.05,34.0,9680612.0,334683270.86
2019-08-21,34.52,34.82,35.08,34.2,5898554.0,204832048.67
2019-08-22,35.17,34.41,35.57,34.3,6988288.0,243341884.33
2019-08-23,34.73,33.25,34.74,32.99,14530386.0,485186147.21
2019-08-26,32.02,30.65,32.32,30.1,25236164.0,778851760.83
2019-08-27,30.9,30.4,31.28,30.4,14654318.0,451720272.45
2019-08-28,30.85,30.99,31.55,30.56,13409305.0,417632362.82
2019-08-29,31.4,31.27,31.75,30.75,10237787.0,319978905.1
2019-08-30,31.61,30.71,31.61,30.56,9508117.0,294538071.22
2019-09-02,30.75,31.46,31.79,30.35,10273361.0,320624177.42
2019-09-03,31.57,31.29,31.76,30.89,12137228.0,379059513.87
2019-09-04,31.28,31.17,31.48,30.94,8784860.0,273492131.22
2019-09-05,31.31,31.6,32.13,31.3,14295986.0,452837450.34
2019-09-06,31.67,32.04,32.08,31.53,10258849.0,326925279.21
2019-09-09,32.45,34.0,34.13,32.01,16993521.0,563039807.62
2019-09-10,34.3,34.19,34.7,33.85,13828995.0,472971693.06
2019-09-11,34.3,34.45,35.27,33.83,14503638.0,503010216.4
2019-09-12,34.65,34.2,34.71,33.93,9403585.0,321953122.87
2019-09-16,34.5,33.6,34.5,33.46,8107388.0,274161176.83
2019-09-17,33.84,32.65,34.09,32.5,9697445.0,321158825.07
2019-09-18,32.89,32.61,33.08,32.33,6733193.0,220336203.29
2019-09-19,32.61,35.1,35.55,32.61,24013346.0,831995598.96
2019-09-20,35.01,35.57,35.84,34.85,17750911.0,627907117.8
2019-09-23,35.21,33.37,35.36,32.88,20194602.0,681816559.52
2019-09-24,33.56,36.71,36.71,33.38,20706602.0,740637755.25
2019-09-25,36.0,35.05,36.25,34.59,25697183.0,908353528.89
2019-09-26,35.32,33.9,35.95,33.8,19000018.0,656911541.81
2019-09-27,34.33,34.35,34.48,33.6,13421489.0,458575191.35
2019-09-30,34.6,33.7,34.65,33.2,9101119.0,309060957.51
2019-10-08,33.36,32.96,34.18,32.88,7613576.0,254852542.57
2019-10-09,32.7,32.19,32.7,31.47,13341181.0,427088791.12
2019-10-10,32.53,33.1,33.38,32.2,9615480.0,315315470.72
2019-10-11,33.2,32.63,33.27,32.52,8185211.0,267964513.2
2019-10-14,33.0,32.99,33.55,32.66,8121932.0,268442909.59
2019-10-15,33.39,31.92,33.39,31.88,10451697.0,336313052.56
2019-10-16,31.99,31.63,32.24,31.52,9079612.0,288854644.17
2019-10-17,31.85,31.53,31.96,31.24,8362948.0,263620719.52
2019-10-18,31.75,31.6,32.29,31.3,8712487.0,275928089.73
2019-10-21,31.82,31.91,31.98,31.5,6755103.0,214098533.22
2019-10-22,31.93,32.09,32.25,31.59,6961066.0,222300099.71
2019-10-23,32.2,31.58,32.28,31.33,6407393.0,203304703.11
2019-10-24,31.56,31.67,32.14,31.44,6994114.0,221834063.87
2019-10-25,31.6,31.75,31.85,31.03,8853948.0,277973173.1
2019-10-28,31.6,33.44,34.13,31.6,15200667.0,503503079.7
2019-10-29,33.15,32.4,33.38,32.32,9110892.0,297603976.93
2019-10-30,32.45,32.9,33.2,32.26,6773542.0,222535362.35
2019-10-31,32.96,32.75,33.24,32.26,6704874.0,219383102.51
2019-11-01,33.01,33.36,33.65,32.77,8287308.0,276186446.3
2019-11-04,33.39,33.25,33.95,33.04,6168050.0,206469874.07
2019-11-05,33.44,34.17,34.96,33.0,14627873.0,497474472.42
2019-11-06,34.67,34.96,36.13,34.54,20854503.0,738129601.49
2019-11-07,34.5,34.53,35.16,34.33,8066667.0,279713734.56
2019-11-08,34.7,34.41,35.3,33.99,8088648.0,280092382.49
2019-11-11,34.24,33.8,34.58,33.7,5763632.0,196366824.18
2019-11-12,34.06,33.62,34.1,33.22,6735348.0,226562218.51
2019-11-13,33.7,34.29,34.44,33.5,6278038.0,213820305.33
2019-11-14,34.09,34.42,34.67,34.07,6214215.0,213790243.69
2019-11-15,34.64,34.29,34.9,34.18,5258656.0,181545429.82
2019-11-18,34.6,33.91,34.64,33.55,4921142.0,167025740.83
2019-11-19,33.92,35.5,35.77,33.91,11061922.0,389980028.4
2019-11-20,35.6,35.11,35.88,34.74,7174468.0,252812338.02
2019-11-21,35.15,35.25,36.66,35.0,11406425.0,407426232.56
2019-11-22,36.5,37.3,38.68,36.5,24983977.0,941806995.75
2019-11-25,37.7,36.42,38.24,36.2,15246107.0,567037623.73
2019-11-26,36.78,38.5,38.55,36.43,16742978.0,634003409.81
2019-11-27,37.99,38.56,39.65,37.29,16700473.0,644406115.43
2019-11-28,38.5,38.7,38.93,38.03,8339835.0,320515446.38
2019-11-29,37.35,37.8,38.39,36.6,19335023.0,722669089.83
2019-12-02,37.99,37.79,38.29,37.4,6059030.0,229320456.61
2019-12-03,37.78,37.21,37.78,36.41,8994317.0,332805647.22
2019-12-04,37.5,37.32,38.74,37.02,12053814.0,455899988.04
2019-12-05,37.47,38.8,39.67,37.03,18390565.0,709974267.03
2019-12-06,38.8,39.37,39.78,38.53,13941110.0,545712614.94
2019-12-09,39.5,40.39,40.42,39.2,17546433.0,701039881.78
2019-12-10,39.94,40.0,40.13,39.12,15434610.0,611572614.25
2019-12-11,39.71,39.35,39.99,38.91,14548008.0,570983394.08
2019-12-12,39.05,37.95,39.25,37.8,17891127.0,683533062.4
2019-12-13,38.4,39.31,39.37,38.25,19053209.0,742743336.51
2019-12-16,39.5,39.39,39.84,38.81,13252652.0,520559453.57
2019-12-17,40.5,40.8,42.24,40.5,19323065.0,794578394.54
2019-12-18,41.25,40.92,41.37,40.11,11039883.0,450265731.83
2019-12-19,41.11,42.18,42.57,40.66,15765066.0,659247976.36
2019-12-20,42.53,42.0,42.8,41.5,8753453.0,368327478.25
2019-12-23,41.66,41.81,43.15,41.38,14585428.0,616637084.66
2019-12-24,42.19,45.76,45.99,42.19,18943417.0,839559828.5
2019-12-25,45.7,46.6,47.5,45.02,16690790.0,769694137.99
2019-12-26,46.59,46.75,47.27,45.8,11083651.0,514572055.89
2019-12-27,47.13,45.8,47.45,45.64,13562380.0,630280297.3
2019-12-30,46.6,45.23,47.15,44.91,23413124.0,1072479355.03
2019-12-31,45.34,44.94,45.84,44.52,13205226.0,595392903.81
2020-01-02,45.38,45.41,46.14,44.7,16069631.0,730170829.06
2020-01-03,45.4,45.59,46.09,44.93,12149840.0,552636271.35
2020-01-06,46.28,46.26,48.06,45.5,22369390.0,1044804064.34
2020-01-07,46.26,45.61,46.44,44.3,14612326.0,663111341.79
2020-01-08,45.59,44.8,46.3,44.71,13240335.0,599974931.17
2020-01-09,45.5,45.62,46.29,45.08,14076568.0,642975971.16
2020-01-10,45.6,44.92,45.65,44.3,14075021.0,632299860.1
2020-01-13,45.36,45.02,46.15,44.38,23183983.0,1044673658.71
2020-01-14,45.5,45.33,46.9,45.21,23146898.0,1061193494.45
2020-01-15,45.0,43.03,45.0,42.0,27256541.0,1172397975.65
2020-01-16,43.08,43.0,43.96,42.9,15631208.0,678332307.93
2020-01-17,43.31,42.49,43.55,41.96,15408724.0,655906951.68
2020-01-20,42.43,43.65,44.36,42.24,22300352.0,967589932.87
2020-01-21,43.75,43.0,43.93,42.39,22379791.0,960411461.7
2020-01-22,43.02,45.32,45.78,43.01,26692271.0,1192092600.89
2020-01-23,44.6,43.99,46.37,43.03,22820037.0,1019838105.1
2020-02-03,39.59,41.2,43.9,39.59,21878312.0,908535328.31
2020-02-04,43.0,44.46,45.05,42.58,20025534.0,886144185.9
2020-02-05,46.0,45.18,47.57,44.43,26483095.0,1215616847.13
2020-02-06,43.11,44.66,45.12,42.8,27033108.0,1182250046.33
2020-02-07,44.3,42.45,44.3,42.03,22946096.0,983644000.12
2020-02-10,42.5,46.07,46.27,42.37,28543835.0,1261809893.82
2020-02-11,46.05,46.56,47.8,45.12,33982022.0,1583934014.23
2020-02-12,46.6,50.9,51.22,45.92,45573088.0,2254522569.04
2020-02-13,50.1,49.59,52.2,49.5,32767342.0,1656170037.65
2020-02-14,49.39,49.06,50.29,48.5,21066921.0,1037802840.71
2020-02-17,49.07,50.08,50.23,48.88,23869831.0,1185464873.0
2020-02-18,50.19,49.8,51.33,48.73,19896655.0,991110395.14
2020-02-19,51.02,47.7,51.4,47.48,26162786.0,1273459150.53
2020-02-20,48.18,47.99,48.63,46.54,22863122.0,1092951198.08
2020-02-21,48.12,50.85,51.88,47.5,28695359.0,1434183386.7
2020-02-24,52.0,52.9,54.01,49.75,31781742.0,1654641498.86
2020-02-25,51.24,57.0,58.0,51.24,34904556.0,1917231925.07
2020-02-26,56.98,54.72,56.98,53.88,26919701.0,1488008461.26
2020-02-27,58.66,59.01,60.19,57.13,48527533.0,2885439228.35
2020-02-28,55.26,56.15,57.12,53.11,38469495.0,2105938308.58
2020-03-02,56.0,54.31,56.78,51.78,30971755.0,1674691211.2
2020-03-03,56.0,54.0,57.55,53.5,22737091.0,1259163981.81
2020-03-04,53.92,53.25,55.31,51.38,20833027.0,1105598537.36
2020-03-05,53.6,52.48,54.46,51.69,15418839.0,812268623.05
2020-03-06,52.03,52.6,54.07,51.52,15413177.0,815548787.6
2020-03-09,50.64,47.57,51.48,47.34,24597824.0,1202637424.01
2020-03-10,48.5,49.31,50.0,46.39,23424855.0,1132072474.45
2020-03-11,49.69,48.6,50.8,48.5,17000629.0,847090754.09
2020-03-12,47.34,48.36,49.44,47.02,13090096.0,633685128.18
2020-03-13,46.08,48.88,49.75,45.2,16196567.0,774372371.82
2020-03-16,48.43,45.03,48.73,44.05,19774839.0,912408646.75
2020-03-17,45.4,43.76,45.98,42.03,24291188.0,1054289776.45
2020-03-18,44.09,42.32,45.88,42.31,18408029.0,811156590.39
2020-03-19,42.41,42.5,44.01,41.66,17901233.0,761882219.51
2020-03-20,43.8,42.5,43.98,41.7,14525933.0,618829297.12
2020-03-23,41.1,39.09,41.85,38.5,21418335.0,854328300.36
2020-03-24,40.0,39.07,40.28,37.0,21783200.0,845746926.27
2020-03-25,40.45,40.63,42.26,40.33,22957509.0,946305041.72
2020-03-26,40.7,39.24,40.84,39.18,13222366.0,526130708.03
2020-03-27,40.28,38.74,40.48,38.5,15209296.0,598579179.16
2020-03-30,37.95,37.97,38.66,36.3,18041292.0,676741638.92
2020-03-31,38.57,37.46,39.26,37.46,13501643.0,514972282.72
2020-04-01,38.18,38.34,39.44,37.52,23017595.0,887189770.68
2020-04-02,38.36,40.32,40.36,38.0,20378767.0,801650206.07
2020-04-03,40.77,39.2,40.97,38.7,15032666.0,595424880.35
2020-04-07,40.2,40.58,40.9,39.78,14300006.0,578097371.63
2020-04-08,40.46,38.0,40.46,37.1,35434109.0,1355058280.54
2020-04-09,38.35,37.63,38.39,37.18,23933179.0,898977368.41
2020-04-10,37.3,37.74,38.44,37.22,19367778.0,732877587.42
2020-04-13,37.15,37.58,37.81,36.41,11338768.0,422571643.3
2020-04-14,38.11,39.38,39.38,37.9,23710007.0,919656256.28
2020-04-15,39.69,38.72,40.11,38.66,17997962.0,709398069.87
2020-04-16,38.7,39.88,40.2,38.4,15715306.0,620621901.7
2020-04-17,40.52,40.03,41.68,39.81,20237623.0,824287011.88
2020-04-20,40.4,41.1,41.3,39.82,10974764.0,447998002.77
2020-04-21,40.75,39.5,41.09,39.35,17631120.0,703656101.05
2020-04-22,38.77,39.18,39.24,38.29,12235401.0,474524196.26
